fold,test_subject,train_n,test_n,experiment,gpu_id,duration_s,peak_mem_gb,n_ensemble,opt_threshold,T_post,opt_threshold_cal,alpha_strategy,focal_gamma,lambda_dann,lambda_mmd,mmd_mode,norm_mode,y_true,y_prob,accuracy,precision,recall,f1,kappa,mcc,balanced_acc,roc_auc,pr_auc,ece,accuracy_cal,precision_cal,recall_cal,f1_cal,kappa_cal,mcc_cal,balanced_acc_cal,roc_auc_cal,pr_auc_cal,ece_cal
37,S39,742,7,abl_no_fusion_transformer,6,2257.48,0.847,5,0.49,0.05,0.5,effective_num,3.0,0.1,0.1,marginal,zscore,"[0, 0, 0, 1, 1, 0, 1]","[0.3333458244800568, 0.35238273739814757, 0.29621202647686007, 0.37980456948280333, 0.4762113869190216, 0.33701339960098264, 0.46547805070877074]",0.5714285714285714,0.0,0.0,0.0,0.0,0.0,0.5,1.0,1.0,0.46327584002699174,0.5714285714285714,0.0,0.0,0.0,0.0,0.0,0.5,1.0,1.0,0.581751521377851
38,S40,742,7,abl_no_fusion_transformer,6,933.88,0.847,5,0.45,1.087,0.5,effective_num,3.0,0.1,0.1,marginal,zscore,"[0, 0, 0, 1, 0, 1, 0]","[0.3799043893814087, 0.42232316732406616, 0.421487832069397, 0.6471319437026978, 0.43862834572792053, 0.4193971812725067, 0.47029240131378175]",0.7142857142857143,0.5,0.5,0.5,0.30000000000000004,0.3,0.65,0.6,0.6666666666666666,0.40011924845831737,0.8571428571428571,1.0,0.5,0.6666666666666666,0.588235294117647,0.6454972243679028,0.75,0.6,0.6666666666666666,0.3966990973878313
40,S42,730,7,abl_no_fusion_transformer,6,893.67,0.848,5,0.53,0.1146,0.5,effective_num,3.0,0.1,0.1,marginal,zscore,"[0, 1, 0, 0, 1, 0, 0]","[0.45341676473617554, 0.2872232884168625, 0.47977663278579713, 0.3114846020936966, 0.5925822734832764, 0.2838871255517006, 0.3876830220222473]",0.8571428571428571,1.0,0.5,0.6666666666666666,0.588235294117647,0.6454972243679028,0.75,0.6,0.6666666666666666,0.4577066129871777,0.8571428571428571,1.0,0.5,0.6666666666666666,0.588235294117647,0.6454972243679028,0.75,0.6,0.6666666666666666,0.6389280804349005
41,S43,742,7,abl_no_fusion_transformer,6,2419.17,0.847,5,0.44,0.4086,0.5,effective_num,3.0,0.1,0.1,marginal,zscore,"[0, 1, 1, 1, 1, 0, 1]","[0.45777284502983095, 0.7557049512863159, 0.5529512763023376, 0.8245901942253113, 0.859961462020874, 0.5292278051376342, 0.6298722565174103]",0.7142857142857143,0.7142857142857143,1.0,0.8333333333333334,0.0,0.0,0.5,1.0,1.0,0.2220396246228899,0.8571428571428571,0.8333333333333334,1.0,0.9090909090909091,0.588235294117647,0.6454972243679028,0.75,0.9,0.9666666666666666,0.1589942532888873
13,S15,742,6,abl_no_fusion_transformer,2,2539.66,0.847,5,0.44,0.9211,0.5,effective_num,3.0,0.1,0.1,marginal,zscore,"[0, 0, 0, 1, 1, 1]","[0.2899776458740234, 0.31645242869853973, 0.36189657747745513, 0.712785291671753, 0.559983903169632, 0.6695055603981018]",1.0,1.0,1.0,1.0,1.0,1.0,1.0,1.0,1.0,0.5148997654517492,1.0,1.0,1.0,1.0,1.0,1.0,1.0,1.0,1.0,0.5188680007872282
15,S17,740,7,abl_no_fusion_transformer,2,786.31,0.847,5,0.42,0.2674,0.5,effective_num,3.0,0.1,0.1,marginal,zscore,"[0, 1, 1, 1, 0, 1, 1]","[0.34019011855125425, 0.6039972305297852, 0.6253646731376648, 0.5139448642730713, 0.38197433948516846, 0.6984779357910156, 0.5218905448913574]",1.0,1.0,1.0,1.0,1.0,1.0,1.0,1.0,1.0,0.47345147047724045,1.0,1.0,1.0,1.0,1.0,1.0,1.0,1.0,1.0,0.4253299140352428
16,S18,722,14,abl_no_fusion_transformer,2,899.6,0.848,5,0.48,0.05,0.5,effective_num,3.0,0.1,0.1,marginal,zscore,"[0, 1, 0, 0, 0, 1, 0, 1, 0, 1, 0, 1, 1, 1]","[0.4681935429573059, 0.8100364327430725, 0.27579712569713594, 0.460174149274826, 0.3420190215110779, 0.40031800270080564, 0.396709680557251, 0.6460638403892517, 0.5633638381958008, 0.669827139377594, 0.32435999512672425, 0.7835641264915466, 0.6500651717185975, 0.7375920057296753]",0.8571428571428571,0.8571428571428571,0.8571428571428571,0.8571428571428571,0.7142857142857143,0.7142857142857143,0.8571428571428571,0.9387755102040816,0.9571428571428571,0.39990311456578115,0.8571428571428571,0.8571428571428571,0.8571428571428571,0.8571428571428571,0.7142857142857143,0.7142857142857143,0.8571428571428571,0.9387755102040816,0.9571428571428571,0.49174679059108306
17,S19,724,17,abl_no_fusion_transformer,2,1465.75,0.848,5,0.05,1.0,0.5,effective_num,3.0,0.1,0.1,marginal,zscore,"[0, 0, 0, 1, 0, 0, 0, 0, 1, 0, 0, 1, 0, 1, 1, 1, 1]","[0.4767667591571808, 0.48100011348724364, 0.44906688928604127, 0.5938559889793396, 0.45401527285575866, 0.5702061295509339, 0.5254098355770112, 0.5210376858711243, 0.5885379195213318, 0.4344754993915558, 0.539294695854187, 0.6168066024780273, 0.5728184938430786, 0.630726981163025, 0.6258862614631653, 0.632922625541687, 0.5311394214630127]",0.4117647058823529,0.4117647058823529,1.0,0.5833333333333334,0.0,0.0,0.5,0.9571428571428571,0.9571428571428571,0.3318019509315491,0.7058823529411765,0.5833333333333334,1.0,0.7368421052631579,0.4516129032258064,0.5400617248673217,0.75,0.9571428571428571,0.9571428571428571,0.3313278790887701
18,S20,728,7,abl_no_fusion_transformer,2,1489.4,0.848,5,0.48,0.123,0.5,effective_num,3.0,0.1,0.1,marginal,zscore,"[0, 0, 0, 0, 0, 1, 1]","[0.17545460611581803, 0.2586940675973892, 0.2610457718372345, 0.4106929361820221, 0.2956610471010208, 0.5028284311294555, 0.7574621677398682]",1.0,1.0,1.0,1.0,1.0,1.0,1.0,1.0,1.0,0.6197372817567416,1.0,1.0,1.0,1.0,1.0,1.0,1.0,1.0,1.0,0.7754066966574336
32,S34,724,7,abl_no_fusion_transformer,5,2512.16,0.848,5,0.62,0.6057,0.5,effective_num,3.0,0.1,0.1,marginal,zscore,"[0, 0, 1, 0, 0, 0, 1]","[0.17656415551900864, 0.38200865387916566, 0.5280920922756195, 0.232389834523201, 0.24576837122440337, 0.3316629469394684, 0.6192533373832703]",0.7142857142857143,0.0,0.0,0.0,0.0,0.0,0.5,1.0,1.0,0.6406086583222662,1.0,1.0,1.0,1.0,1.0,1.0,1.0,1.0,1.0,0.7062204129068768
33,S35,738,6,abl_no_fusion_transformer,5,840.48,0.847,5,0.47,0.05,0.5,effective_num,3.0,0.1,0.1,marginal,zscore,"[0, 0, 0, 0, 0, 1]","[0.2753568381071091, 0.286779323220253, 0.36490021347999574, 0.3041559249162674, 0.2884767115116119, 0.4677047967910767]",0.8333333333333334,0.0,0.0,0.0,0.0,0.0,0.5,1.0,1.0,0.6580059642593066,0.8333333333333334,0.0,0.0,0.0,0.0,0.0,0.5,1.0,1.0,0.8218202267083554
34,S36,738,7,abl_no_fusion_transformer,5,802.21,0.847,5,0.05,1.0,0.5,effective_num,3.0,0.1,0.1,marginal,zscore,"[0, 1, 1, 1, 1, 1, 1]","[0.5422505855560302, 0.5818466067314148, 0.5187896192073822, 0.5728195428848266, 0.5441227555274963, 0.5603981375694275, 0.5794345617294312]",0.8571428571428571,0.8571428571428571,1.0,0.9230769230769231,0.0,0.0,0.5,0.8333333333333334,0.976190476190476,0.3000483129705701,0.8571428571428571,0.8571428571428571,1.0,0.9230769230769231,0.0,0.0,0.5,0.8333333333333334,0.976190476190476,0.2992337199651014
35,S37,722,8,abl_no_fusion_transformer,5,1740.27,0.848,5,0.53,0.4365,0.5,effective_num,3.0,0.1,0.1,marginal,zscore,"[0, 0, 0, 0, 0, 0, 1, 1]","[0.2369139850139618, 0.13916268721222877, 0.2580899506807327, 0.2290885865688324, 0.2364053249359131, 0.2060896098613739, 0.3862508237361908, 0.6783848285675049]",0.875,1.0,0.5,0.6666666666666666,0.6,0.6546536707079772,0.75,1.0,1.0,0.6752644813619554,0.875,1.0,0.5,0.6666666666666666,0.6,0.6546536707079772,0.75,1.0,1.0,0.7615014013293233
36,S38,716,10,abl_no_fusion_transformer,5,1681.63,0.849,5,0.56,0.1705,0.5,effective_num,3.0,0.1,0.1,marginal,zscore,"[0, 0, 0, 0, 1, 0, 1, 1, 1, 1]","[0.6228966474533081, 0.0793827548623085, 0.1286287397146225, 0.15366137474775315, 0.542223858833313, 0.27605528235435484, 0.8860201001167297, 0.5092868685722352, 0.7053016066551209, 0.7575916767120361]",0.7,0.75,0.6,0.6666666666666666,0.4,0.408248290463863,0.7,0.92,0.9266666666666665,0.5584744384884834,0.9,0.8333333333333334,1.0,0.9090909090909091,0.8,0.816496580927726,0.9,0.92,0.9266666666666665,0.5653853177765609
19,S21,742,6,abl_no_fusion_transformer,3,1869.93,0.847,5,0.4,0.3027,0.5,effective_num,3.0,0.1,0.1,marginal,zscore,"[0, 0, 0, 0, 0, 1]","[0.5876570641994476, 0.3396045058965683, 0.5046051383018494, 0.649495929479599, 0.34405317902565, 0.43679041266441343]",0.5,0.25,1.0,0.4,0.18181818181818188,0.31622776601683794,0.7,0.4,0.25,0.5824818099538485,0.3333333333333333,0.0,0.0,0.0,-0.33333333333333326,-0.4472135954999579,0.2,0.4,0.25,0.7117533965664953
20,S22,716,14,abl_no_fusion_transformer,3,1157.17,0.849,5,0.46,0.141,0.5,effective_num,3.0,0.1,0.1,marginal,zscore,"[1, 0, 1, 1, 1, 1, 1, 1, 1, 1, 1, 0, 1, 1]","[0.41159396171569823, 0.34062800407409666, 0.35688876509666445, 0.5921594440937042, 0.4664055347442627, 0.45613272190093995, 0.5916640400886536, 0.7247076153755188, 0.8581459045410156, 0.6473699092864991, 0.43764120936393736, 0.3777892172336578, 0.41760083436965945, 0.49339103102684023]",0.6428571428571429,1.0,0.5833333333333334,0.7368421052631579,0.2857142857142857,0.40824829046386296,0.7916666666666667,0.9583333333333333,0.9935897435897437,0.37095802809510914,0.5,1.0,0.4166666666666667,0.5882352941176471,0.1694915254237288,0.3042903097250923,0.7083333333333334,0.9583333333333333,0.9935897435897437,0.21529095706841797
21,S23,716,12,abl_no_fusion_transformer,3,784.0,0.849,5,0.44,0.2066,0.5,effective_num,3.0,0.1,0.1,marginal,zscore,"[0, 0, 0, 0, 0, 1, 1, 1, 1, 1, 1, 1]","[0.3219709813594818, 0.2642962098121643, 0.31270461678504946, 0.3117923378944397, 0.28332693576812745, 0.5244400322437286, 0.7345182538032532, 0.8234282255172729, 0.667298185825348, 0.7274374604225159, 0.7496212720870972, 0.7606187343597413]",1.0,1.0,1.0,1.0,1.0,1.0,1.0,1.0,0.9999999999999998,0.45987889617681504,1.0,1.0,1.0,1.0,1.0,1.0,1.0,1.0,0.9999999999999998,0.44658822279043375
22,S24,730,13,abl_no_fusion_transformer,3,1230.38,0.848,5,0.49,0.3481,0.5,effective_num,3.0,0.1,0.1,marginal,zscore,"[0, 0, 0, 0, 0, 0, 0, 1, 1, 1, 1, 1, 0]","[0.383512818813324, 0.259467551112175, 0.27909759283065794, 0.26265902519226075, 0.3279487669467926, 0.34693054258823397, 0.3134436964988708, 0.620690894126892, 0.5470972955226898, 0.6025015473365783, 0.6600280046463013, 0.7191439390182495, 0.2780224710702896]",1.0,1.0,1.0,1.0,1.0,1.0,1.0,1.0,1.0,0.5691889118689758,1.0,1.0,1.0,1.0,1.0,1.0,1.0,1.0,1.0,0.6335933311570511
23,S25,728,14,abl_no_fusion_transformer,3,1752.85,0.848,5,0.43,0.05,0.5,effective_num,3.0,0.1,0.1,marginal,zscore,"[0, 0, 1, 0, 0, 1, 1, 1, 1, 1, 1, 0, 0, 1]","[0.5414721369743347, 0.588497269153595, 0.5949895501136779, 0.6615232229232788, 0.4867767572402954, 0.5829797267913819, 0.7787571907043457, 0.7805918097496033, 0.6236090064048767, 0.6661906361579895, 0.7137972116470337, 0.6736307621002198, 0.4309657394886017, 0.6984802842140198]",0.5714285714285714,0.5714285714285714,1.0,0.7272727272727273,0.0,0.0,0.5,0.8333333333333333,0.8860479797979799,0.17432027757167814,0.7142857142857143,0.6666666666666666,1.0,0.8,0.36363636363636376,0.47140452079103173,0.6666666666666666,0.8333333333333333,0.8860479797979799,0.40738145367548617
24,S26,740,7,abl_no_fusion_transformer,3,838.76,0.847,5,0.47,0.7049,0.5,effective_num,3.0,0.1,0.1,marginal,zscore,"[0, 0, 1, 1, 1, 1, 1]","[0.25933617651462554, 0.3688797950744629, 0.5271135866641998, 0.6686483502388001, 0.620477044582367, 0.7182986736297607, 0.6805364966392518]",1.0,1.0,1.0,1.0,1.0,1.0,1.0,1.0,1.0,0.450958553808076,1.0,1.0,1.0,1.0,1.0,1.0,1.0,1.0,1.0,0.43335951860833316
25,S27,726,7,abl_no_fusion_transformer,4,2650.6,0.848,5,0.52,0.0618,0.5,effective_num,3.0,0.1,0.1,marginal,zscore,"[0, 0, 0, 0, 0, 0, 1]","[0.3195479422807693, 0.3931080996990204, 0.2179528832435608, 0.6376448988914489, 0.3328181058168411, 0.16858872398734093, 0.7720818877220154]",0.8571428571428571,0.5,1.0,0.6666666666666666,0.588235294117647,0.6454972243679028,0.9166666666666667,1.0,1.0,0.6333638937345573,0.8571428571428571,0.5,1.0,0.6666666666666666,0.588235294117647,0.6454972243679028,0.9166666666666667,1.0,1.0,0.8570672036076205
26,S28,744,7,abl_no_fusion_transformer,4,870.14,0.847,5,0.38,0.05,0.5,effective_num,3.0,0.1,0.1,marginal,zscore,"[1, 0, 0, 0, 1, 1, 0]","[0.5819907128810883, 0.48392906188964846, 0.5533152163028717, 0.6691150188446044, 0.6750616908073426, 0.8377236723899841, 0.701499092578888]",0.42857142857142855,0.42857142857142855,1.0,0.6,0.0,0.0,0.5,0.75,0.7555555555555555,0.2656184281621661,0.5714285714285714,0.5,1.0,0.6666666666666666,0.2222222222222221,0.3535533905932738,0.625,0.6666666666666666,0.7,0.5390102316456199
27,S29,718,20,abl_no_fusion_transformer,4,1350.01,0.848,5,0.36,0.1428,0.5,effective_num,3.0,0.1,0.1,marginal,zscore,"[0, 1, 1, 1, 1, 1, 1, 1, 0, 1, 1, 1, 1, 1, 1, 1, 1, 1, 0, 1]","[0.7048356473445893, 0.7282512009143829, 0.7955204486846924, 0.7178066849708558, 0.8028439700603485, 0.7757905066013336, 0.8012731194496154, 0.7443158090114593, 0.5590252995491027, 0.7025351703166962, 0.7496063351631165, 0.5875655233860015, 0.7724530696868896, 0.8114686489105225, 0.7972540199756623, 0.755483740568161, 0.7308801054954529, 0.7236076951026916, 0.4986966550350189, 0.44028218388557433]",0.85,0.85,1.0,0.918918918918919,0.0,0.0,0.5,0.9019607843137256,0.9840397923875432,0.15468429058790206,0.85,0.8888888888888888,0.9411764705882353,0.9142857142857143,0.31818181818181823,0.32673201960653564,0.6372549019607843,0.9019607843137256,0.9840397923875432,0.12146035994237761
28,S30,704,13,abl_no_fusion_transformer,4,1971.63,0.849,5,0.44,0.2044,0.6566,effective_num,3.0,0.1,0.1,marginal,zscore,"[0, 1, 0, 0, 0, 0, 0, 0, 0, 0, 0, 1, 0]","[0.42508479952812195, 0.7042279243469238, 0.338917875289917, 0.21089889705181122, 0.10244403053075075, 0.30122450888156893, 0.6908553719520569, 0.04933262150734663, 0.21871574819087983, 0.21976407021284103, 0.11653563380241394, 0.8374809265136719, 0.5935875535011291]",0.8461538461538461,0.5,1.0,0.6666666666666666,0.5806451612903225,0.6396021490668313,0.9090909090909092,1.0,1.0,0.6738319915074569,0.8461538461538461,0.5,1.0,0.6666666666666666,0.5806451612903225,0.6396021490668313,0.9090909090909092,0.9545454545454545,0.8333333333333333,0.7141566232086324
30,S32,744,7,abl_no_fusion_transformer,4,800.59,0.847,5,0.43,0.05,0.5,effective_num,3.0,0.1,0.1,marginal,zscore,"[0, 0, 0, 0, 0, 0, 1]","[0.48444687724113467, 0.3290691554546356, 0.3742231667041779, 0.4990661144256592, 0.39910162091255186, 0.4391511857509613, 0.7191125273704528]",0.5714285714285714,0.25,1.0,0.4,0.2222222222222221,0.3535533905932738,0.75,1.0,1.0,0.5365470503057752,1.0,1.0,1.0,1.0,1.0,1.0,1.0,1.0,1.0,0.7561212877471193
7,S08,710,16,abl_no_fusion_transformer,1,2543.28,0.849,5,0.48,0.1269,0.5,effective_num,3.0,0.1,0.1,marginal,zscore,"[1, 0, 0, 0, 0, 1, 0, 1, 0, 0, 0, 1, 1, 1, 0, 0]","[0.46288731694221497, 0.6504752159118652, 0.5619833707809448, 0.8093363285064697, 0.42363299131393434, 0.8663435459136963, 0.3047370821237564, 0.802093255519867, 0.24418198466300964, 0.41637909412384033, 0.31389832496643066, 0.9027174353599549, 0.6599719762802124, 0.8365334391593933, 0.6817657232284546, 0.7549843668937684]",0.625,0.5,0.8333333333333334,0.625,0.2941176470588235,0.3333333333333333,0.6666666666666667,0.85,0.8284090909090909,0.3471908120438456,0.625,0.5,0.8333333333333334,0.625,0.2941176470588235,0.3333333333333333,0.6666666666666667,0.85,0.8284090909090909,0.6225203986067791
8,S09,724,10,abl_no_fusion_transformer,1,884.17,0.848,5,0.49,0.05,0.5,effective_num,3.0,0.1,0.1,marginal,zscore,"[0, 1, 1, 0, 1, 1, 1, 1, 1, 1]","[0.26027118861675264, 0.41194493174552915, 0.7180429697036743, 0.3713011801242828, 0.4775921702384949, 0.4096027731895447, 0.5806193828582764, 0.6326968431472778, 0.5900140285491944, 0.6424062013626098]",0.7,1.0,0.625,0.7692307692307693,0.4,0.5,0.8125,1.0,1.0,0.4503788080811501,0.7,1.0,0.625,0.7692307692307693,0.4,0.5,0.8125,1.0,1.0,0.2142123699240568
9,S10,732,12,abl_no_fusion_transformer,1,804.37,0.848,5,0.42,0.05,0.5,effective_num,3.0,0.1,0.1,marginal,zscore,"[0, 0, 0, 0, 0, 1, 0, 1, 0, 1, 0, 1]","[0.32881544828414916, 0.3424367785453796, 0.3120698809623718, 0.3933474898338318, 0.3294860184192657, 0.3725958585739136, 0.3633370488882065, 0.6097846508026123, 0.4236700117588043, 0.625917661190033, 0.4921320199966431, 0.6719421148300171]",0.75,0.6,0.75,0.6666666666666666,0.47058823529411764,0.47809144373375745,0.75,0.90625,0.8928571428571428,0.47787208482623106,0.9166666666666666,1.0,0.75,0.8571428571428571,0.8,0.816496580927726,0.875,0.90625,0.8928571428571428,0.6376004139510822
10,S12,742,7,abl_no_fusion_transformer,1,1862.86,0.847,5,0.52,0.2182,0.5,effective_num,3.0,0.1,0.1,marginal,zscore,"[0, 1, 1, 1, 0, 1, 1]","[0.4321930825710297, 0.5296866118907928, 0.7184696912765502, 0.3285745054483414, 0.28872470557689667, 0.4951827347278595, 0.5350266218185424]",0.7142857142857143,1.0,0.6,0.75,0.46153846153846156,0.5477225575051661,0.8,0.9,0.9666666666666666,0.3327558653695243,0.7142857142857143,1.0,0.6,0.75,0.46153846153846156,0.5477225575051661,0.8,0.9,0.9666666666666666,0.4180788453108103
11,S13,744,6,abl_no_fusion_transformer,1,1129.48,0.847,5,0.46,0.05,0.5,effective_num,3.0,0.1,0.1,marginal,zscore,"[0, 0, 0, 0, 1, 1]","[0.3412267595529556, 0.32025609612464906, 0.31388185918331146, 0.30886017978191377, 0.4156373769044876, 0.38244337141513823]",0.6666666666666666,0.0,0.0,0.0,0.0,0.0,0.5,1.0,1.0,0.45816151847441994,0.6666666666666666,0.0,0.0,0.0,0.0,0.0,0.5,1.0,1.0,0.6665454652744481
12,S14,730,8,abl_no_fusion_transformer,1,761.31,0.848,5,0.41,0.05,0.5,effective_num,3.0,0.1,0.1,marginal,zscore,"[1, 0, 1, 0, 1, 1, 1, 1]","[0.39055533409118653, 0.3882330238819122, 0.5265775978565216, 0.41580727100372317, 0.6127285838127137, 0.657609498500824, 0.6359665036201477, 0.5971038222312928]",0.75,0.8333333333333334,0.8333333333333334,0.8333333333333334,0.33333333333333337,0.3333333333333333,0.6666666666666667,0.9166666666666667,0.9761904761904762,0.34692729562520985,0.875,1.0,0.8333333333333334,0.9090909090909091,0.7142857142857143,0.7453559924999299,0.9166666666666667,0.9166666666666667,0.9761904761904762,0.262973936050682
1,S01,726,15,abl_no_fusion_transformer,0,2806.63,0.848,5,0.49,0.226,0.5,effective_num,3.0,0.1,0.1,marginal,zscore,"[0, 0, 1, 1, 1, 1, 1, 1, 0, 1, 1, 1, 0, 1, 1]","[0.18893167674541472, 0.15972525253891945, 0.4789904773235321, 0.5450543284416198, 0.5884782612323761, 0.6645818173885345, 0.6947347939014434, 0.5036917388439178, 0.21191266477108, 0.565704619884491, 0.5379205167293548, 0.6949115097522736, 0.5298405408859252, 0.556729531288147, 0.4797696590423584]",0.8,0.9,0.8181818181818182,0.8571428571428571,0.5263157894736842,0.533001790889026,0.7840909090909092,0.9318181818181819,0.9750688705234161,0.43443619226415947,0.8,0.9,0.8181818181818182,0.8571428571428571,0.5263157894736842,0.533001790889026,0.7840909090909092,0.9318181818181819,0.9750688705234161,0.3672796658621351
2,S02,742,7,abl_no_fusion_transformer,0,851.28,0.847,5,0.43,0.05,0.5,effective_num,3.0,0.1,0.1,marginal,zscore,"[0, 0, 0, 0, 0, 1, 1]","[0.4679111897945404, 0.5716457009315491, 0.5009295284748078, 0.5811302781105041, 0.5631882011890411, 0.6002754807472229, 0.6561959385871887]",0.2857142857142857,0.2857142857142857,1.0,0.4444444444444444,0.0,0.0,0.5,1.0,1.0,0.49893015708242144,0.42857142857142855,0.3333333333333333,1.0,0.5,0.125,0.2581988897471611,0.6,1.0,1.0,0.6366952418274239
3,S03,742,6,abl_no_fusion_transformer,0,896.86,0.847,5,0.52,0.5602,0.5,effective_num,3.0,0.1,0.1,marginal,zscore,"[0, 0, 0, 0, 1, 0]","[0.28902131915092466, 0.2746544048190117, 0.27704369425773623, 0.34954598546028137, 0.30814076364040377, 0.2886980682611465]",0.8333333333333334,0.0,0.0,0.0,0.0,0.0,0.5,0.8,0.5,0.5354826274017492,0.8333333333333334,0.0,0.0,0.0,0.0,0.0,0.5,0.8,0.5,0.6666167424949004
4,S05,740,8,abl_no_fusion_transformer,0,1867.3,0.847,5,0.5,0.05,0.5,effective_num,3.0,0.1,0.1,marginal,zscore,"[0, 1, 0, 1, 1, 1, 1, 0]","[0.42130858898162843, 0.4372074842453003, 0.3797217905521393, 0.5535304069519043, 0.596964955329895, 0.5152063190937042, 0.4205143630504608, 0.4802170693874359]",0.75,1.0,0.6,0.75,0.5294117647058824,0.6,0.8,0.8,0.9028571428571428,0.2744161278009415,0.75,1.0,0.6,0.75,0.5294117647058824,0.6,0.8,0.8,0.9028571428571428,0.38283371656316134
5,S06,738,8,abl_no_fusion_transformer,0,922.17,0.847,5,0.41,0.05,0.5,effective_num,3.0,0.1,0.1,marginal,zscore,"[1, 0, 1, 1, 0, 0, 1, 0]","[0.5689298272132873, 0.6708622217178345, 0.4877059400081635, 0.3833024203777313, 0.39638447761535645, 0.391441285610199, 0.708897864818573, 0.6187083005905152]",0.625,0.6,0.75,0.6666666666666666,0.25,0.2581988897471611,0.625,0.5,0.65,0.41604007333517073,0.5,0.5,0.5,0.5,0.0,0.0,0.5,0.5,0.65,0.5335589473839036
6,S07,744,7,abl_no_fusion_transformer,0,771.11,0.847,5,0.43,0.05,0.5,effective_num,3.0,0.1,0.1,marginal,zscore,"[0, 1, 0, 0, 0, 1, 1]","[0.5888275384902955, 0.44570698738098147, 0.3852701485157013, 0.49488750100135803, 0.392927086353302, 0.6790784478187561, 0.4720223546028137]",0.7142857142857143,0.6,1.0,0.75,0.46153846153846156,0.5477225575051661,0.75,0.6666666666666666,0.7,0.36345267125538416,0.5714285714285714,0.5,0.3333333333333333,0.4,0.08695652173913038,0.09128709291752768,0.5416666666666666,0.6666666666666666,0.7,0.49888538237656477
