tau,subject,density_mean,mean_degree,isolated_nodes_mean
0.1,S01,0.8656140350877191,15.581052631578947,0.0
0.1,S02,0.8853801169590643,15.936842105263159,0.0
0.1,S03,0.8495126705653021,15.291228070175439,0.0
0.1,S05,0.8534356725146198,15.361842105263158,0.0
0.1,S06,0.8339912280701753,15.011842105263158,0.0
0.1,S07,0.8519632414369257,15.335338345864661,0.0
0.1,S08,0.8566885964912281,15.420394736842105,0.0
0.1,S09,0.8497660818713447,15.295789473684211,0.0
0.1,S10,0.889766081871345,16.01578947368421,0.0
0.1,S12,0.8521303258145363,15.338345864661655,0.0
0.1,S13,0.8324561403508771,14.98421052631579,0.0
0.1,S14,0.835453216374269,15.038157894736843,0.0
0.1,S15,0.8499025341130604,15.298245614035087,0.0
0.1,S16,0.8642543859649123,15.55657894736842,0.0
0.1,S17,0.8574770258980783,15.434586466165413,0.0
0.1,S18,0.8642021720969089,15.555639097744361,0.0
0.1,S19,0.8394564843481251,15.110216718266253,0.0
0.1,S20,0.8462823725981621,15.233082706766917,0.0
0.1,S21,0.8264132553606238,14.875438596491229,0.0
0.1,S22,0.8235171261487052,14.823308270676693,0.0
0.1,S23,0.8303118908382067,14.945614035087718,0.0
0.1,S24,0.8392262708052182,15.106072874493927,0.0
0.1,S25,0.8362990810359232,15.053383458646616,0.0
0.1,S26,0.8589807852965748,15.461654135338346,0.0
0.1,S27,0.8425229741019215,15.165413533834586,0.0
0.1,S28,0.8897243107769421,16.015037593984964,0.014285714285714285
0.1,S29,0.8604970760233916,15.488947368421053,0.0
0.1,S30,0.8483130904183537,15.269635627530365,0.0
0.1,S31,0.82156432748538,14.788157894736843,0.0
0.1,S32,0.8924812030075187,16.06466165413534,0.0
0.1,S33,0.8276803118908382,14.898245614035087,0.0
0.1,S34,0.9245614035087718,16.642105263157895,0.0
0.1,S35,0.8758284600389863,15.764912280701754,0.0
0.1,S36,0.8817042606516292,15.870676691729324,0.0
0.1,S37,0.867251461988304,15.610526315789473,0.0
0.1,S38,0.8620467836257307,15.516842105263159,0.0
0.1,S39,0.8244778613199667,14.840601503759398,0.0
0.1,S40,0.8203842940685047,14.766917293233083,0.0
0.1,S41,0.8730994152046783,15.715789473684211,0.0
0.1,S42,0.8672514619883039,15.610526315789473,0.0
0.1,S43,0.8399331662489558,15.118796992481203,0.0
0.1,S44,0.8439431913116123,15.190977443609022,0.0
0.15,S01,0.7986354775828459,14.375438596491229,0.006666666666666667
0.15,S02,0.8287385129490392,14.917293233082706,0.0
0.15,S03,0.7827485380116959,14.089473684210526,0.0
0.15,S05,0.7814327485380117,14.06578947368421,0.0
0.15,S06,0.755190058479532,13.593421052631578,0.0125
0.15,S07,0.7782790309106098,14.009022556390978,0.0
0.15,S08,0.7890716374269007,14.20328947368421,0.00625
0.15,S09,0.7794736842105265,14.030526315789473,0.0
0.15,S10,0.8344541910331384,15.02017543859649,0.008333333333333333
0.15,S12,0.7829573934837092,14.093233082706767,0.0
0.15,S13,0.7518518518518517,13.533333333333333,0.0
0.15,S14,0.7593567251461989,13.66842105263158,0.0
0.15,S15,0.7806042884990255,14.050877192982457,0.0
0.15,S16,0.79656432748538,14.338157894736842,0.0
0.15,S17,0.7827903091060986,14.090225563909774,0.0
0.15,S18,0.7939014202172098,14.290225563909775,0.0
0.15,S19,0.7628826969384246,13.73188854489164,0.011764705882352941
0.15,S20,0.7700918964076859,13.861654135338346,0.0
0.15,S21,0.7379142300194932,13.282456140350877,0.05
0.15,S22,0.7383458646616541,13.290225563909775,0.0
0.15,S23,0.7466374269005848,13.439473684210526,0.0
0.15,S24,0.7641925326135853,13.755465587044535,0.0
0.15,S25,0.7519214703425229,13.534586466165413,0.0
0.15,S26,0.7868838763575605,14.16390977443609,0.0
0.15,S27,0.7600668337510443,13.681203007518796,0.0
0.15,S28,0.8291562238930662,14.924812030075188,0.014285714285714285
0.15,S29,0.7919883040935674,14.25578947368421,0.005
0.15,S30,0.7721547458389564,13.898785425101215,0.0
0.15,S31,0.7396198830409357,13.313157894736841,0.025
0.15,S32,0.8392648287385129,15.106766917293234,0.014285714285714285
0.15,S33,0.7416179337231968,13.349122807017544,0.0
0.15,S34,0.8898913951545531,16.018045112781955,0.0
0.15,S35,0.8165692007797271,14.698245614035088,0.0
0.15,S36,0.8233918128654969,14.821052631578947,0.0
0.15,S37,0.8065058479532163,14.517105263157895,0.0
0.15,S38,0.7901169590643273,14.222105263157895,0.0
0.15,S39,0.7408521303258145,13.335338345864661,0.0
0.15,S40,0.7313283208020049,13.16390977443609,0.014285714285714285
0.15,S41,0.8118258609486679,14.612865497076024,0.0
0.15,S42,0.7994987468671679,14.390977443609023,0.0
0.15,S43,0.7648287385129491,13.766917293233083,0.0
0.15,S44,0.768170426065163,13.827067669172932,0.0
0.2,S01,0.7311500974658869,13.160701754385965,0.006666666666666667
0.2,S02,0.770843776106934,13.875187969924813,0.04285714285714286
0.2,S03,0.7148148148148149,12.866666666666667,0.05
0.2,S05,0.7073830409356725,12.732894736842105,0.0625
0.2,S06,0.6817982456140351,12.272368421052631,0.1375
0.2,S07,0.7080200501253133,12.74436090225564,0.014285714285714285
0.2,S08,0.7226608187134502,13.007894736842106,0.08125
0.2,S09,0.7043859649122808,12.678947368421053,0.02
0.2,S10,0.7802144249512671,14.043859649122806,0.03333333333333333
0.2,S12,0.710108604845447,12.781954887218046,0.014285714285714285
0.2,S13,0.6777777777777778,12.2,0.0
0.2,S14,0.6819444444444444,12.275,0.0875
0.2,S15,0.7035087719298244,12.663157894736843,0.08333333333333333
0.2,S16,0.7298245614035087,13.136842105263158,0.0625
0.2,S17,0.7096073517126148,12.772932330827068,0.0
0.2,S18,0.7278195488721805,13.100751879699247,0.007142857142857143
0.2,S19,0.6861369109047127,12.35046439628483,0.07647058823529412
0.2,S20,0.6947368421052631,12.505263157894737,0.04285714285714286
0.2,S21,0.6555555555555556,11.8,0.21666666666666667
0.2,S22,0.6590643274853801,11.863157894736842,0.04285714285714286
0.2,S23,0.660916179337232,11.896491228070175,0.016666666666666666
0.2,S24,0.6853351327035537,12.336032388663968,0.038461538461538464
0.2,S25,0.6678780284043441,12.021804511278196,0.03571428571428571
0.2,S26,0.7227234753550543,13.009022556390978,0.07142857142857142
0.2,S27,0.6820384294068506,12.276691729323309,0.0
0.2,S28,0.7742690058479533,13.936842105263159,0.02857142857142857
0.2,S29,0.7249122807017543,13.048421052631578,0.04
0.2,S30,0.6977058029689608,12.558704453441296,0.023076923076923078
0.2,S31,0.6495614035087719,11.692105263157895,0.0625
0.2,S32,0.7848788638262322,14.12781954887218,0.08571428571428572
0.2,S33,0.6551656920077972,11.79298245614035,0.06666666666666667
0.2,S34,0.8545530492898913,15.381954887218045,0.04285714285714286
0.2,S35,0.7478557504873293,13.46140350877193,0.016666666666666666
0.2,S36,0.7654135338345864,13.777443609022557,0.0
0.2,S37,0.7429824561403509,13.373684210526315,0.1125
0.2,S38,0.719766081871345,12.955789473684211,0.0
0.2,S39,0.6581453634085211,11.846616541353383,0.08571428571428572
0.2,S40,0.6431913116123642,11.577443609022556,0.07142857142857142
0.2,S41,0.7462638076673164,13.432748538011696,0.0
0.2,S42,0.7348370927318296,13.227067669172932,0.014285714285714285
0.2,S43,0.6849624060150376,12.329323308270677,0.0
0.2,S44,0.6969924812030075,12.545864661654136,0.14285714285714285
0.25,S01,0.6638596491228069,11.949473684210526,0.08666666666666667
0.25,S02,0.712781954887218,12.830075187969925,0.1
0.25,S03,0.6471734892787524,11.649122807017545,0.21666666666666667
0.25,S05,0.6402046783625732,11.523684210526316,0.125
0.25,S06,0.6108187134502924,10.994736842105263,0.3
0.25,S07,0.6360902255639099,11.449624060150375,0.08571428571428572
0.25,S08,0.6557748538011696,11.803947368421053,0.25
0.25,S09,0.6330994152046785,11.39578947368421,0.12
0.25,S10,0.7280214424951268,13.10438596491228,0.09166666666666666
0.25,S12,0.6401002506265665,11.521804511278196,0.14285714285714285
0.25,S13,0.5980506822612085,10.764912280701754,0.16666666666666666
0.25,S14,0.6108187134502924,10.994736842105263,0.2375
0.25,S15,0.6333333333333333,11.4,0.3
0.25,S16,0.6624269005847953,11.923684210526316,0.1875
0.25,S17,0.6358395989974938,11.445112781954887,0.1
0.25,S18,0.6591896407685881,11.865413533834586,0.05
0.25,S19,0.6110079119367045,10.99814241486068,0.3235294117647059
0.25,S20,0.6217209690893901,11.190977443609022,0.22857142857142856
0.25,S21,0.5796296296296295,10.433333333333334,0.6166666666666667
0.25,S22,0.5831662489557227,10.496992481203007,0.19285714285714287
0.25,S23,0.5812865497076023,10.463157894736842,0.13333333333333333
0.25,S24,0.6112910481331534,11.003238866396762,0.14615384615384616
0.25,S25,0.5859649122807018,10.547368421052632,0.22857142857142856
0.25,S26,0.6562238930659983,11.81203007518797,0.24285714285714285
0.25,S27,0.6030075187969923,10.854135338345865,0.12857142857142856
0.25,S28,0.7224728487886382,13.004511278195489,0.12857142857142856
0.25,S29,0.6541228070175439,11.77421052631579,0.19
0.25,S30,0.6250562303193883,11.251012145748987,0.16923076923076924
0.25,S31,0.5667397660818714,10.201315789473684,0.2875
0.25,S32,0.7300751879699247,13.141353383458647,0.2
0.25,S33,0.5721247563352827,10.298245614035087,0.3
0.25,S34,0.8187134502923976,14.736842105263158,0.1
0.25,S35,0.683138401559454,12.296491228070176,0.05
0.25,S36,0.7032581453634084,12.658646616541354,0.12857142857142856
0.25,S37,0.6798976608187134,12.238157894736842,0.2875
0.25,S38,0.6509356725146199,11.716842105263158,0.02
0.25,S39,0.5746867167919799,10.344360902255639,0.5285714285714286
0.25,S40,0.5598997493734336,10.078195488721805,0.32857142857142857
0.25,S41,0.68180636777128,12.27251461988304,0.12222222222222222
0.25,S42,0.6690893901420217,12.04360902255639,0.05714285714285714
0.25,S43,0.6063492063492064,10.914285714285715,0.07142857142857142
0.25,S44,0.6285714285714286,11.314285714285715,0.45714285714285713
0.3,S01,0.5938791423001949,10.689824561403508,0.2866666666666667
0.3,S02,0.6576441102756891,11.837593984962407,0.3
0.3,S03,0.5792397660818713,10.426315789473684,0.5666666666666667
0.3,S05,0.5714912280701754,10.286842105263158,0.35
0.3,S06,0.5432017543859649,9.777631578947368,0.825
0.3,S07,0.5581453634085214,10.046616541353384,0.4142857142857143
0.3,S08,0.5891812865497076,10.605263157894736,0.55
0.3,S09,0.5591812865497076,10.065263157894737,0.38
0.3,S10,0.6759259259259259,12.166666666666666,0.25833333333333336
0.3,S12,0.5751879699248119,10.353383458646617,0.42857142857142855
0.3,S13,0.5241715399610137,9.435087719298245,0.36666666666666664
0.3,S14,0.5429824561403509,9.773684210526316,0.5875
0.3,S15,0.5668615984405458,10.203508771929824,0.7166666666666667
0.3,S16,0.5978070175438596,10.760526315789473,0.425
0.3,S17,0.5631578947368421,10.136842105263158,0.2571428571428571
0.3,S18,0.5969089390142023,10.74436090225564,0.2857142857142857
0.3,S19,0.5386308909528723,9.695356037151702,0.8647058823529412
0.3,S20,0.5487886382623225,9.878195488721804,0.6857142857142857
0.3,S21,0.5037037037037037,9.066666666666666,1.3833333333333333
0.3,S22,0.5077694235588973,9.139849624060151,0.5928571428571429
0.3,S23,0.5045808966861599,9.082456140350876,0.43333333333333335
0.3,S24,0.5412955465587043,9.74331983805668,0.47692307692307695
0.3,S25,0.506390977443609,9.115037593984962,0.7642857142857142
0.3,S26,0.5964912280701753,10.736842105263158,0.5
0.3,S27,0.5282372598162072,9.50827067669173,0.4714285714285714
0.3,S28,0.6701754385964912,12.063157894736841,0.2714285714285714
0.3,S29,0.585233918128655,10.534210526315789,0.405
0.3,S30,0.5503823661718399,9.906882591093117,0.4
0.3,S31,0.48552631578947364,8.739473684210527,1.0375
0.3,S32,0.679281537176274,12.227067669172932,0.4142857142857143
0.3,S33,0.49532163742690055,8.91578947368421,0.7166666666666667
0.3,S34,0.7813700918964077,14.064661654135339,0.15714285714285714
0.3,S35,0.6198830409356725,11.157894736842104,0.36666666666666664
0.3,S36,0.6432748538011696,11.578947368421053,0.4142857142857143
0.3,S37,0.618859649122807,11.139473684210527,0.6125
0.3,S38,0.5803508771929825,10.446315789473685,0.19
0.3,S39,0.504093567251462,9.073684210526316,1.2571428571428571
0.3,S40,0.48170426065162897,8.670676691729323,0.8285714285714286
0.3,S41,0.6169590643274853,11.105263157894736,0.3
0.3,S42,0.6060150375939848,10.90827067669173,0.21428571428571427
0.3,S43,0.5243107769423558,9.437593984962406,0.2
0.3,S44,0.5625730994152045,10.126315789473685,1.0857142857142856
0.35,S01,0.5273294346978559,9.491929824561403,0.68
0.35,S02,0.6000835421888053,10.801503759398496,0.6142857142857143
0.35,S03,0.5192007797270954,9.345614035087719,1.1666666666666667
0.35,S05,0.5038742690058479,9.069736842105263,0.7
0.35,S06,0.4831140350877193,8.696052631578947,1.7125
0.35,S07,0.48437761069340013,8.718796992481202,0.9428571428571428
0.35,S08,0.529093567251462,9.523684210526316,1.01875
0.35,S09,0.49286549707602345,8.871578947368421,1.11
0.35,S10,0.6231968810916179,11.217543859649123,0.5666666666666667
0.35,S12,0.510108604845447,9.181954887218046,1.0285714285714285
0.35,S13,0.4598440545808966,8.27719298245614,1.1166666666666667
0.35,S14,0.4722953216374268,8.501315789473685,1.2125
0.35,S15,0.5069200779727094,9.124561403508771,1.25
0.35,S16,0.5314327485380117,9.56578947368421,0.8125
0.35,S17,0.4972431077694236,8.950375939849623,0.6
0.35,S18,0.5312030075187971,9.561654135338346,0.65
0.35,S19,0.4711042311661505,8.479876160990711,1.511764705882353
0.35,S20,0.4802005012531329,8.64360902255639,1.1428571428571428
0.35,S21,0.4381091617933724,7.885964912280702,2.6666666666666665
0.35,S22,0.4328320802005012,7.790977443609022,1.4857142857142858
0.35,S23,0.43094541910331385,7.757017543859649,1.2166666666666666
0.35,S24,0.4711201079622132,8.480161943319837,1.2076923076923076
0.35,S25,0.4346282372598162,7.823308270676692,1.7142857142857142
0.35,S26,0.535421888053467,9.637593984962406,1.0
0.35,S27,0.4582289055973267,8.24812030075188,1.042857142857143
0.35,S28,0.6133667502088554,11.0406015037594,0.5857142857142857
0.35,S29,0.5165789473684211,9.298421052631578,0.8
0.35,S30,0.4805218173639227,8.649392712550608,0.8153846153846154
0.35,S31,0.4122076023391813,7.419736842105263,2.35
0.35,S32,0.6230576441102758,11.215037593984963,0.8285714285714286
0.35,S33,0.4202729044834308,7.564912280701755,1.45
0.35,S34,0.743358395989975,13.38045112781955,0.32857142857142857
0.35,S35,0.5604288499025342,10.087719298245615,0.95
0.35,S36,0.585547201336675,10.53984962406015,0.9571428571428572
0.35,S37,0.560672514619883,10.092105263157896,1.075
0.35,S38,0.5126315789473684,9.227368421052631,0.61
0.35,S39,0.4365914786967418,7.858646616541353,2.1285714285714286
0.35,S40,0.4070175438596491,7.326315789473684,2.0
0.35,S41,0.5519168291098117,9.934502923976607,0.6444444444444445
0.35,S42,0.5461152882205512,9.830075187969925,0.6142857142857143
0.35,S43,0.45079365079365075,8.114285714285714,0.6142857142857143
0.35,S44,0.501169590643275,9.021052631578947,1.7428571428571429
0.4,S01,0.4609356725146199,8.296842105263158,1.3333333333333333
0.4,S02,0.547451963241437,9.854135338345865,1.3142857142857143
0.4,S03,0.4623781676413256,8.322807017543859,1.9666666666666666
0.4,S05,0.43201754385964913,7.776315789473684,1.4375
0.4,S06,0.424780701754386,7.646052631578947,2.775
0.4,S07,0.41837928153717624,7.530827067669173,1.8142857142857143
0.4,S08,0.47068713450292404,8.472368421052632,1.66875
0.4,S09,0.42748538011695913,7.6947368421052635,2.21
0.4,S10,0.5704191033138402,10.267543859649123,1.1666666666666667
0.4,S12,0.4522138680033416,8.139849624060151,2.0714285714285716
0.4,S13,0.3960038986354776,7.128070175438596,2.45
0.4,S14,0.40540935672514616,7.2973684210526315,2.175
0.4,S15,0.4464912280701755,8.036842105263158,2.1
0.4,S16,0.46805555555555556,8.425,1.3125
0.4,S17,0.4311612364243943,7.760902255639098,1.2714285714285714
0.4,S18,0.4687134502923976,8.436842105263159,1.4214285714285715
0.4,S19,0.40429996560027515,7.277399380804954,2.570588235294118
0.4,S20,0.41027568922305757,7.384962406015037,2.1
0.4,S21,0.3769980506822612,6.7859649122807015,4.15
0.4,S22,0.3652464494569758,6.574436090225564,3.0428571428571427
0.4,S23,0.3623294346978557,6.521929824561403,2.558333333333333
0.4,S24,0.4058029689608637,7.304453441295546,2.1769230769230767
0.4,S25,0.3681704260651629,6.627067669172932,3.05
0.4,S26,0.4751044277360067,8.55187969924812,1.8
0.4,S27,0.39248120300751876,7.064661654135338,2.157142857142857
0.4,S28,0.5568922305764411,10.02406015037594,1.1571428571428573
0.4,S29,0.44824561403508767,8.06842105263158,1.595
0.4,S30,0.4147098515519568,7.464777327935223,1.676923076923077
0.4,S31,0.34349415204678363,6.182894736842106,4.0875
0.4,S32,0.5738512949039265,10.329323308270677,1.2571428571428571
0.4,S33,0.34502923976608185,6.2105263157894735,2.85
0.4,S34,0.7066833751044278,12.7203007518797,0.5571428571428572
0.4,S35,0.4985380116959065,8.973684210526315,1.6166666666666667
0.4,S36,0.5297410192147035,9.53533834586466,1.6857142857142857
0.4,S37,0.5081140350877192,9.146052631578947,1.6625
0.4,S38,0.4465497076023391,8.037894736842105,1.28
0.4,S39,0.3751044277360067,6.7518796992481205,3.4714285714285715
0.4,S40,0.34394319131161233,6.190977443609023,3.3714285714285714
0.4,S41,0.49220272904483425,8.859649122807017,1.2222222222222223
0.4,S42,0.4845446950710107,8.721804511278195,1.2
0.4,S43,0.37468671679197996,6.7443609022556394,1.7
0.4,S44,0.4388471177944862,7.899248120300752,2.757142857142857
0.45,S01,0.39442495126705657,7.099649122807017,2.4066666666666667
0.45,S02,0.49381787802840427,8.888721804511277,2.2714285714285714
0.45,S03,0.40769980506822606,7.338596491228071,3.3
0.45,S05,0.3665204678362573,6.597368421052631,2.55
0.45,S06,0.36944444444444435,6.65,3.95
0.45,S07,0.35313283208020046,6.356390977443609,3.057142857142857
0.45,S08,0.4116593567251462,7.409868421052631,2.8375
0.45,S09,0.37070175438596487,6.672631578947368,3.48
0.45,S10,0.5199805068226121,9.359649122807017,1.8333333333333333
0.45,S12,0.3967418546365915,7.141353383458647,3.357142857142857
0.45,S13,0.33440545808966854,6.019298245614035,4.333333333333333
0.45,S14,0.3453947368421052,6.217105263157895,3.4375
0.45,S15,0.389766081871345,7.015789473684211,3.3833333333333333
0.45,S16,0.4089912280701754,7.3618421052631575,2.1
0.45,S17,0.3682539682539682,6.628571428571429,2.1714285714285713
0.45,S18,0.41194653299916456,7.415037593984962,2.4714285714285715
0.45,S19,0.34509803921568627,6.211764705882353,3.723529411764706
0.45,S20,0.34979114452798665,6.29624060150376,3.342857142857143
0.45,S21,0.3205653021442495,5.770175438596492,6.083333333333333
0.45,S22,0.30317460317460315,5.457142857142857,5.2785714285714285
0.45,S23,0.2935185185185185,5.283333333333333,4.5
0.45,S24,0.3430049482681061,6.174089068825911,3.4923076923076923
0.45,S25,0.3051378446115288,5.492481203007519,4.885714285714286
0.45,S26,0.4169590643274853,7.505263157894737,2.9571428571428573
0.45,S27,0.32698412698412693,5.885714285714286,3.857142857142857
0.45,S28,0.5059314954051797,9.106766917293234,1.8
0.45,S29,0.37985380116959067,6.8373684210526315,2.73
0.45,S30,0.351417004048583,6.325506072874494,2.923076923076923
0.45,S31,0.2877923976608187,5.1802631578947365,6.175
0.45,S32,0.5247284878863826,9.445112781954887,1.8571428571428572
0.45,S33,0.278849902534113,5.019298245614035,4.733333333333333
0.45,S34,0.6669172932330827,12.004511278195489,1.1142857142857143
0.45,S35,0.43849902534113055,7.892982456140351,2.8333333333333335
0.45,S36,0.47577276524644946,8.563909774436091,2.6
0.45,S37,0.4525584795321637,8.146052631578947,2.35
0.45,S38,0.3833333333333333,6.9,2.1
0.45,S39,0.31771094402673344,5.718796992481203,4.814285714285714
0.45,S40,0.28337510442773606,5.100751879699248,5.3428571428571425
0.45,S41,0.43092917478882387,7.75672514619883,1.9444444444444444
0.45,S42,0.42447786131996657,7.640601503759399,2.1285714285714286
0.45,S43,0.3026733500417711,5.44812030075188,3.3
0.45,S44,0.38228905597326646,6.881203007518797,4.042857142857143
0.5,S01,0.33403508771929824,6.012631578947368,3.78
0.5,S02,0.43993316624895573,7.918796992481203,3.4571428571428573
0.5,S03,0.36013645224171537,6.482456140350878,4.733333333333333
0.5,S05,0.3048245614035087,5.4868421052631575,4.05
0.5,S06,0.31571637426900584,5.682894736842106,5.6875
0.5,S07,0.29548872180451125,5.318796992481203,4.642857142857143
0.5,S08,0.3599049707602339,6.47828947368421,4.1625
0.5,S09,0.31426900584795325,5.656842105263158,5.45
0.5,S10,0.46842105263157896,8.43157894736842,2.925
0.5,S12,0.3458646616541353,6.225563909774436,5.057142857142857
0.5,S13,0.2830409356725146,5.094736842105263,6.8
0.5,S14,0.28837719298245607,5.190789473684211,5.2375
0.5,S15,0.33274853801169596,5.989473684210527,5.183333333333334
0.5,S16,0.3472222222222222,6.25,3.275
0.5,S17,0.30710108604845443,5.527819548872181,3.6285714285714286
0.5,S18,0.3580200501253133,6.444360902255639,3.992857142857143
0.5,S19,0.28452012383900926,5.121362229102167,5.376470588235295
0.5,S20,0.2939849624060151,5.291729323308271,5.114285714285714
0.5,S21,0.27329434697855753,4.919298245614035,8.2
0.5,S22,0.24824561403508766,4.468421052631579,7.45
0.5,S23,0.2357699805068226,4.243859649122807,6.691666666666666
0.5,S24,0.2850652271704903,5.131174089068826,5.123076923076923
0.5,S25,0.2506265664160401,4.511278195488722,6.735714285714286
0.5,S26,0.3594820384294068,6.470676691729324,4.328571428571428
0.5,S27,0.2710108604845447,4.878195488721804,5.8428571428571425
0.5,S28,0.4563074352548037,8.213533834586466,2.8142857142857145
0.5,S29,0.31789473684210523,5.722105263157895,4.4
0.5,S30,0.29014844804318485,5.222672064777328,4.915384615384616
0.5,S31,0.23771929824561405,4.278947368421052,8.325
0.5,S32,0.47284878863826224,8.511278195488721,2.6857142857142855
0.5,S33,0.2173489278752436,3.912280701754386,7.483333333333333
0.5,S34,0.6258980785296574,11.266165413533834,1.9285714285714286
0.5,S35,0.3810916179337232,6.859649122807017,4.15
0.5,S36,0.41779448621553883,7.5203007518797,3.8857142857142857
0.5,S37,0.3988304093567251,7.178947368421053,3.3625
0.5,S38,0.32538011695906427,5.856842105263158,3.81
0.5,S39,0.26766917293233083,4.818045112781955,6.271428571428571
0.5,S40,0.22740183792815372,4.093233082706767,7.7
0.5,S41,0.37089018843404814,6.6760233918128655,3.2888888888888888
0.5,S42,0.36775271512113616,6.619548872180451,3.442857142857143
0.5,S43,0.23684210526315788,4.2631578947368425,5.642857142857143
0.5,S44,0.3280701754385965,5.905263157894737,5.685714285714286
0.6,S01,0.21637426900584794,3.8947368421052633,7.74
0.6,S02,0.3336675020885547,6.006015037593985,6.742857142857143
0.6,S03,0.2796296296296295,5.033333333333333,8.25
0.6,S05,0.19532163742690056,3.5157894736842104,8.7375
0.6,S06,0.22046783625730995,3.968421052631579,9.575
0.6,S07,0.18905597326649956,3.4030075187969926,8.985714285714286
0.6,S08,0.2642909356725146,4.7572368421052635,7.7125
0.6,S09,0.21964912280701746,3.953684210526316,10.04
0.6,S10,0.36720272904483425,6.609649122807017,5.475
0.6,S12,0.25304928989139513,4.5548872180451125,8.742857142857142
0.6,S13,0.2025341130604289,3.645614035087719,11.183333333333334
0.6,S14,0.19437134502923978,3.498684210526316,9.775
0.6,S15,0.23450292397660819,4.221052631578948,8.683333333333334
0.6,S16,0.23355263157894735,4.203947368421052,7.125
0.6,S17,0.20041771094402666,3.607518796992481,7.785714285714286
0.6,S18,0.2648287385129491,4.7669172932330826,8.157142857142857
0.6,S19,0.1806329549363605,3.251393188854489,9.511764705882353
0.6,S20,0.19331662489557222,3.479699248120301,9.857142857142858
0.6,S21,0.1901559454191033,3.42280701754386,12.05
0.6,S22,0.15772765246449455,2.8390977443609025,11.75
0.6,S23,0.1371345029239766,2.468421052631579,11.875
0.6,S24,0.18205128205128204,3.276923076923077,9.592307692307692
0.6,S25,0.15401002506265662,2.7721804511278196,11.471428571428572
0.6,S26,0.2568086883876357,4.622556390977444,7.614285714285714
0.6,S27,0.1733500417710944,3.1203007518796992,10.528571428571428
0.6,S28,0.3600668337510443,6.481203007518797,5.985714285714286
0.6,S29,0.20230994152046783,3.641578947368421,9.02
0.6,S30,0.18457040035987404,3.3222672064777328,9.553846153846154
0.6,S31,0.162719298245614,2.9289473684210527,11.6875
0.6,S32,0.37410192147034244,6.733834586466165,4.885714285714286
0.6,S33,0.12923976608187132,2.3263157894736843,12.15
0.6,S34,0.5437761069340016,9.78796992481203,4.214285714285714
0.6,S35,0.27563352826510723,4.96140350877193,7.916666666666667
0.6,S36,0.31553884711779445,5.679699248120301,7.4
0.6,S37,0.2975877192982456,5.356578947368421,6.375
0.6,S38,0.21894736842105264,3.9410526315789474,7.7
0.6,S39,0.17385129490392648,3.129323308270677,9.6
0.6,S40,0.14101921470342524,2.5383458646616543,11.928571428571429
0.6,S41,0.26426250812215724,4.75672514619883,6.622222222222222
0.6,S42,0.2622389306599832,4.720300751879699,7.0
0.6,S43,0.1341687552213868,2.4150375939849624,12.057142857142857
0.6,S44,0.2300751879699248,4.141353383458647,9.514285714285714
0.7,S01,0.11801169590643273,2.1242105263157893,12.666666666666666
0.7,S02,0.23174603174603173,4.171428571428572,10.285714285714286
0.7,S03,0.2083820662768031,3.7508771929824563,12.0
0.7,S05,0.11228070175438595,2.0210526315789474,14.3125
0.7,S06,0.13991228070175438,2.518421052631579,13.2875
0.7,S07,0.10793650793650793,1.9428571428571428,13.3
0.7,S08,0.17543859649122806,3.1578947368421053,12.39375
0.7,S09,0.13730994152046783,2.471578947368421,14.26
0.7,S10,0.27076023391812865,4.873684210526315,9.183333333333334
0.7,S12,0.18554720133667502,3.3398496240601503,11.928571428571429
0.7,S13,0.13216374269005848,2.3789473684210525,14.283333333333333
0.7,S14,0.12083333333333332,2.175,13.7625
0.7,S15,0.15623781676413256,2.812280701754386,12.533333333333333
0.7,S16,0.13260233918128655,2.386842105263158,12.275
0.7,S17,0.10944026733500418,1.9699248120300752,12.814285714285715
0.7,S18,0.19081035923141185,3.4345864661654137,12.82857142857143
0.7,S19,0.0980048159614723,1.7640866873065015,14.194117647058823
0.7,S20,0.114703425229741,2.0646616541353384,14.728571428571428
0.7,S21,0.1236842105263158,2.2263157894736842,14.616666666666667
0.7,S22,0.09085213032581452,1.6353383458646618,15.021428571428572
0.7,S23,0.07144249512670564,1.2859649122807018,15.925
0.7,S24,0.09991003148897885,1.7983805668016195,14.5
0.7,S25,0.08308270676691729,1.4954887218045112,15.25
0.7,S26,0.16850459482038424,3.0330827067669173,11.742857142857142
0.7,S27,0.09624060150375938,1.7323308270676692,14.842857142857143
0.7,S28,0.27585630743525485,4.965413533834586,9.885714285714286
0.7,S29,0.11260233918128655,2.026842105263158,14.13
0.7,S30,0.10085470085470086,1.8153846153846154,14.26923076923077
0.7,S31,0.0976608187134503,1.7578947368421052,14.875
0.7,S32,0.27376775271512116,4.92781954887218,9.014285714285714
0.7,S33,0.0692982456140351,1.2473684210526317,16.116666666666667
0.7,S34,0.4565580618212198,8.218045112781954,6.942857142857143
0.7,S35,0.18567251461988302,3.3421052631578947,11.966666666666667
0.7,S36,0.22180451127819548,3.992481203007519,11.342857142857143
0.7,S37,0.20233918128654968,3.642105263157895,10.5625
0.7,S38,0.12473684210526315,2.245263157894737,12.84
0.7,S39,0.09465329991645784,1.7037593984962407,13.857142857142858
0.7,S40,0.07602339181286549,1.368421052631579,16.3
0.7,S41,0.17732293697205978,3.191812865497076,10.433333333333334
0.7,S42,0.17142857142857143,3.085714285714286,11.628571428571428
0.7,S43,0.06499582289055973,1.1699248120300751,16.814285714285713
0.7,S44,0.14928989139515456,2.687218045112782,13.657142857142857
