balanced_acc,mcc,f1,accuracy,strategy,test_subject,n
0.5,0.0,0.0,0.5714285714285714,fixed_0.5,S39,7
0.5,0.0,0.0,0.5714285714285714,val_subject,S39,7
0.875,0.75,0.8571428571428571,0.8571428571428571,train_prior_quantile,S39,7
1.0,1.0,1.0,1.0,online_quantile[k=2],S39,7
1.0,1.0,1.0,1.0,online_median[k=2],S39,7
1.0,1.0,1.0,1.0,online_quantile[k=3],S39,7
1.0,1.0,1.0,1.0,online_median[k=3],S39,7
0.6666666666666666,0.47140452079103173,0.5,0.7142857142857143,online_quantile[k=5],S39,7
0.6666666666666666,0.47140452079103173,0.5,0.7142857142857143,online_median[k=5],S39,7
0.65,0.3,0.5,0.7142857142857143,fixed_0.5,S40,7
0.65,0.3,0.5,0.7142857142857143,val_subject,S40,7
0.8,0.5477225575051661,0.6666666666666666,0.7142857142857143,train_prior_quantile,S40,7
0.7,0.4,0.5714285714285714,0.5714285714285714,online_quantile[k=2],S40,7
0.7,0.4,0.5714285714285714,0.5714285714285714,online_median[k=2],S40,7
0.8,0.5477225575051661,0.6666666666666666,0.7142857142857143,online_quantile[k=3],S40,7
0.8,0.5477225575051661,0.6666666666666666,0.7142857142857143,online_median[k=3],S40,7
0.9,0.7302967433402214,0.8,0.8571428571428571,online_quantile[k=5],S40,7
0.9,0.7302967433402214,0.8,0.8571428571428571,online_median[k=5],S40,7
0.75,0.6454972243679028,0.6666666666666666,0.8571428571428571,fixed_0.5,S42,7
0.75,0.6454972243679028,0.6666666666666666,0.8571428571428571,val_subject,S42,7
0.45,-0.09128709291752768,0.3333333333333333,0.42857142857142855,train_prior_quantile,S42,7
0.55,0.09128709291752768,0.4,0.5714285714285714,online_quantile[k=2],S42,7
0.55,0.09128709291752768,0.4,0.5714285714285714,online_median[k=2],S42,7
0.65,0.3,0.5,0.7142857142857143,online_quantile[k=3],S42,7
0.65,0.3,0.5,0.7142857142857143,online_median[k=3],S42,7
0.65,0.3,0.5,0.7142857142857143,online_quantile[k=5],S42,7
0.65,0.3,0.5,0.7142857142857143,online_median[k=5],S42,7
0.75,0.6454972243679028,0.9090909090909091,0.8571428571428571,fixed_0.5,S43,7
0.75,0.6454972243679028,0.9090909090909091,0.8571428571428571,val_subject,S43,7
0.9,0.7302967433402214,0.8888888888888888,0.8571428571428571,train_prior_quantile,S43,7
0.8,0.5477225575051661,0.75,0.7142857142857143,online_quantile[k=2],S43,7
0.8,0.5477225575051661,0.75,0.7142857142857143,online_median[k=2],S43,7
0.9,0.7302967433402214,0.8888888888888888,0.8571428571428571,online_quantile[k=3],S43,7
0.9,0.7302967433402214,0.8888888888888888,0.8571428571428571,online_median[k=3],S43,7
0.9,0.7302967433402214,0.8888888888888888,0.8571428571428571,online_quantile[k=5],S43,7
0.9,0.7302967433402214,0.8888888888888888,0.8571428571428571,online_median[k=5],S43,7
0.9166666666666667,0.6454972243679028,0.6666666666666666,0.8571428571428571,fixed_0.5,S27,7
0.9166666666666667,0.6454972243679028,0.6666666666666666,0.8571428571428571,val_subject,S27,7
0.75,0.3535533905932738,0.4,0.5714285714285714,train_prior_quantile,S27,7
0.9166666666666667,0.6454972243679028,0.6666666666666666,0.8571428571428571,online_quantile[k=2],S27,7
0.9166666666666667,0.6454972243679028,0.6666666666666666,0.8571428571428571,online_median[k=2],S27,7
0.9166666666666667,0.6454972243679028,0.6666666666666666,0.8571428571428571,online_quantile[k=3],S27,7
0.9166666666666667,0.6454972243679028,0.6666666666666666,0.8571428571428571,online_median[k=3],S27,7
0.9166666666666667,0.6454972243679028,0.6666666666666666,0.8571428571428571,online_quantile[k=5],S27,7
0.9166666666666667,0.6454972243679028,0.6666666666666666,0.8571428571428571,online_median[k=5],S27,7
0.75,0.5477225575051661,0.75,0.7142857142857143,fixed_0.5,S28,7
0.75,0.5477225575051661,0.75,0.7142857142857143,val_subject,S28,7
0.5833333333333333,0.16666666666666666,0.5714285714285714,0.5714285714285714,train_prior_quantile,S28,7
0.75,0.5477225575051661,0.75,0.7142857142857143,online_quantile[k=2],S28,7
0.75,0.5477225575051661,0.75,0.7142857142857143,online_median[k=2],S28,7
0.75,0.5477225575051661,0.75,0.7142857142857143,online_quantile[k=3],S28,7
0.75,0.5477225575051661,0.75,0.7142857142857143,online_median[k=3],S28,7
0.75,0.5477225575051661,0.75,0.7142857142857143,online_quantile[k=5],S28,7
0.75,0.5477225575051661,0.75,0.7142857142857143,online_median[k=5],S28,7
0.5,0.0,0.918918918918919,0.85,fixed_0.5,S29,20
0.5,0.0,0.918918918918919,0.85,val_subject,S29,20
0.7941176470588236,0.420084025208403,0.7407407407407407,0.65,train_prior_quantile,S29,20
0.6568627450980392,0.2286647801900118,0.7586206896551724,0.65,online_quantile[k=2],S29,20
0.6568627450980392,0.2286647801900118,0.7586206896551724,0.65,online_median[k=2],S29,20
0.6568627450980392,0.2286647801900118,0.7586206896551724,0.65,online_quantile[k=3],S29,20
0.6568627450980392,0.2286647801900118,0.7586206896551724,0.65,online_median[k=3],S29,20
0.6568627450980392,0.2286647801900118,0.7586206896551724,0.65,online_quantile[k=5],S29,20
0.6568627450980392,0.2286647801900118,0.7586206896551724,0.65,online_median[k=5],S29,20
0.9090909090909092,0.6396021490668313,0.6666666666666666,0.8461538461538461,fixed_0.5,S30,13
0.9090909090909092,0.6396021490668313,0.6666666666666666,0.8461538461538461,val_subject,S30,13
0.7727272727272727,0.39477101697586137,0.4444444444444444,0.6153846153846154,train_prior_quantile,S30,13
0.7727272727272727,0.39477101697586137,0.4444444444444444,0.6153846153846154,online_quantile[k=2],S30,13
0.7727272727272727,0.39477101697586137,0.4444444444444444,0.6153846153846154,online_median[k=2],S30,13
0.7727272727272727,0.39477101697586137,0.4444444444444444,0.6153846153846154,online_quantile[k=3],S30,13
0.7727272727272727,0.39477101697586137,0.4444444444444444,0.6153846153846154,online_median[k=3],S30,13
0.7727272727272727,0.39477101697586137,0.4444444444444444,0.6153846153846154,online_quantile[k=5],S30,13
0.7727272727272727,0.39477101697586137,0.4444444444444444,0.6153846153846154,online_median[k=5],S30,13
0.9166666666666667,0.6454972243679028,0.6666666666666666,0.8571428571428571,fixed_0.5,S32,7
0.9166666666666667,0.6454972243679028,0.6666666666666666,0.8571428571428571,val_subject,S32,7
0.75,0.3535533905932738,0.4,0.5714285714285714,train_prior_quantile,S32,7
0.75,0.3535533905932738,0.4,0.5714285714285714,online_quantile[k=2],S32,7
0.75,0.3535533905932738,0.4,0.5714285714285714,online_median[k=2],S32,7
0.75,0.3535533905932738,0.4,0.5714285714285714,online_quantile[k=3],S32,7
0.75,0.3535533905932738,0.4,0.5714285714285714,online_median[k=3],S32,7
0.8333333333333333,0.47140452079103173,0.5,0.7142857142857143,online_quantile[k=5],S32,7
0.8333333333333333,0.47140452079103173,0.5,0.7142857142857143,online_median[k=5],S32,7
0.8333333333333333,0.7071067811865476,0.8,0.8333333333333334,fixed_0.5,S15,6
0.8333333333333333,0.7071067811865476,0.8,0.8333333333333334,val_subject,S15,6
1.0,1.0,1.0,1.0,train_prior_quantile,S15,6
0.8333333333333333,0.7071067811865476,0.8571428571428571,0.8333333333333334,online_quantile[k=2],S15,6
0.8333333333333333,0.7071067811865476,0.8571428571428571,0.8333333333333334,online_median[k=2],S15,6
1.0,1.0,1.0,1.0,online_quantile[k=3],S15,6
1.0,1.0,1.0,1.0,online_median[k=3],S15,6
0.8333333333333333,0.7071067811865476,0.8,0.8333333333333334,online_quantile[k=5],S15,6
0.8333333333333333,0.7071067811865476,0.8,0.8333333333333334,online_median[k=5],S15,6
1.0,1.0,1.0,1.0,fixed_0.5,S17,7
1.0,1.0,1.0,1.0,val_subject,S17,7
0.9,0.7302967433402214,0.8888888888888888,0.8571428571428571,train_prior_quantile,S17,7
0.8,0.5477225575051661,0.75,0.7142857142857143,online_quantile[k=2],S17,7
0.8,0.5477225575051661,0.75,0.7142857142857143,online_median[k=2],S17,7
0.8,0.5477225575051661,0.75,0.7142857142857143,online_quantile[k=3],S17,7
0.8,0.5477225575051661,0.75,0.7142857142857143,online_median[k=3],S17,7
0.9,0.7302967433402214,0.8888888888888888,0.8571428571428571,online_quantile[k=5],S17,7
0.9,0.7302967433402214,0.8888888888888888,0.8571428571428571,online_median[k=5],S17,7
0.8571428571428571,0.7142857142857143,0.8571428571428571,0.8571428571428571,fixed_0.5,S18,14
0.8571428571428571,0.7142857142857143,0.8571428571428571,0.8571428571428571,val_subject,S18,14
0.8571428571428571,0.7142857142857143,0.8571428571428571,0.8571428571428571,train_prior_quantile,S18,14
0.7857142857142857,0.5773502691896257,0.8,0.7857142857142857,online_quantile[k=2],S18,14
0.7857142857142857,0.5773502691896257,0.8,0.7857142857142857,online_median[k=2],S18,14
0.7857142857142857,0.5773502691896257,0.8,0.7857142857142857,online_quantile[k=3],S18,14
0.7857142857142857,0.5773502691896257,0.8,0.7857142857142857,online_median[k=3],S18,14
0.8571428571428571,0.7142857142857143,0.8571428571428571,0.8571428571428571,online_quantile[k=5],S18,14
0.8571428571428571,0.7142857142857143,0.8571428571428571,0.8571428571428571,online_median[k=5],S18,14
0.7785714285714285,0.5493502655735357,0.75,0.7647058823529411,fixed_0.5,S19,17
0.7785714285714285,0.5493502655735357,0.75,0.7647058823529411,val_subject,S19,17
0.7785714285714285,0.5493502655735357,0.75,0.7647058823529411,train_prior_quantile,S19,17
0.6785714285714286,0.36780617896031226,0.6666666666666666,0.6470588235294118,online_quantile[k=2],S19,17
0.6785714285714286,0.36780617896031226,0.6666666666666666,0.6470588235294118,online_median[k=2],S19,17
0.6785714285714286,0.36780617896031226,0.6666666666666666,0.6470588235294118,online_quantile[k=3],S19,17
0.6785714285714286,0.36780617896031226,0.6666666666666666,0.6470588235294118,online_median[k=3],S19,17
0.6785714285714286,0.36780617896031226,0.6666666666666666,0.6470588235294118,online_quantile[k=5],S19,17
0.6785714285714286,0.36780617896031226,0.6666666666666666,0.6470588235294118,online_median[k=5],S19,17
1.0,1.0,1.0,1.0,fixed_0.5,S20,7
1.0,1.0,1.0,1.0,val_subject,S20,7
0.8,0.5477225575051661,0.6666666666666666,0.7142857142857143,train_prior_quantile,S20,7
0.8,0.5477225575051661,0.6666666666666666,0.7142857142857143,online_quantile[k=2],S20,7
0.8,0.5477225575051661,0.6666666666666666,0.7142857142857143,online_median[k=2],S20,7
0.9,0.7302967433402214,0.8,0.8571428571428571,online_quantile[k=3],S20,7
0.9,0.7302967433402214,0.8,0.8571428571428571,online_median[k=3],S20,7
1.0,1.0,1.0,1.0,online_quantile[k=5],S20,7
1.0,1.0,1.0,1.0,online_median[k=5],S20,7
0.75,0.6454972243679028,0.6666666666666666,0.8571428571428571,fixed_0.5,S34,7
0.75,0.6454972243679028,0.6666666666666666,0.8571428571428571,val_subject,S34,7
0.8,0.5477225575051661,0.6666666666666666,0.7142857142857143,train_prior_quantile,S34,7
0.9,0.7302967433402214,0.8,0.8571428571428571,online_quantile[k=2],S34,7
0.9,0.7302967433402214,0.8,0.8571428571428571,online_median[k=2],S34,7
0.65,0.3,0.5,0.7142857142857143,online_quantile[k=3],S34,7
0.65,0.3,0.5,0.7142857142857143,online_median[k=3],S34,7
0.65,0.3,0.5,0.7142857142857143,online_quantile[k=5],S34,7
0.65,0.3,0.5,0.7142857142857143,online_median[k=5],S34,7
0.5,0.0,0.0,0.8333333333333334,fixed_0.5,S35,6
0.5,0.0,0.0,0.8333333333333334,val_subject,S35,6
0.8,0.4472135954999579,0.5,0.6666666666666666,train_prior_quantile,S35,6
0.9,0.6324555320336759,0.6666666666666666,0.8333333333333334,online_quantile[k=2],S35,6
0.9,0.6324555320336759,0.6666666666666666,0.8333333333333334,online_median[k=2],S35,6
1.0,1.0,1.0,1.0,online_quantile[k=3],S35,6
1.0,1.0,1.0,1.0,online_median[k=3],S35,6
1.0,1.0,1.0,1.0,online_quantile[k=5],S35,6
1.0,1.0,1.0,1.0,online_median[k=5],S35,6
0.5,0.0,0.9230769230769231,0.8571428571428571,fixed_0.5,S36,7
0.5,0.0,0.9230769230769231,0.8571428571428571,val_subject,S36,7
0.8333333333333333,0.47140452079103173,0.8,0.7142857142857143,train_prior_quantile,S36,7
0.3333333333333333,-0.2581988897471611,0.7272727272727273,0.5714285714285714,online_quantile[k=2],S36,7
0.3333333333333333,-0.2581988897471611,0.7272727272727273,0.5714285714285714,online_median[k=2],S36,7
0.4166666666666667,-0.16666666666666666,0.8333333333333334,0.7142857142857143,online_quantile[k=3],S36,7
0.4166666666666667,-0.16666666666666666,0.8333333333333334,0.7142857142857143,online_median[k=3],S36,7
0.5,0.0,0.9230769230769231,0.8571428571428571,online_quantile[k=5],S36,7
0.5,0.0,0.9230769230769231,0.8571428571428571,online_median[k=5],S36,7
0.75,0.6546536707079772,0.6666666666666666,0.875,fixed_0.5,S37,8
0.75,0.6546536707079772,0.6666666666666666,0.875,val_subject,S37,8
0.8333333333333333,0.5773502691896258,0.6666666666666666,0.75,train_prior_quantile,S37,8
0.8333333333333333,0.5773502691896258,0.6666666666666666,0.75,online_quantile[k=2],S37,8
0.8333333333333333,0.5773502691896258,0.6666666666666666,0.75,online_median[k=2],S37,8
0.8333333333333333,0.5773502691896258,0.6666666666666666,0.75,online_quantile[k=3],S37,8
0.8333333333333333,0.5773502691896258,0.6666666666666666,0.75,online_median[k=3],S37,8
0.9166666666666667,0.7453559924999299,0.8,0.875,online_quantile[k=5],S37,8
0.9166666666666667,0.7453559924999299,0.8,0.875,online_median[k=5],S37,8
1.0,1.0,1.0,1.0,fixed_0.5,S38,10
1.0,1.0,1.0,1.0,val_subject,S38,10
1.0,1.0,1.0,1.0,train_prior_quantile,S38,10
0.8,0.6546536707079772,0.8333333333333334,0.8,online_quantile[k=2],S38,10
0.8,0.6546536707079772,0.8333333333333334,0.8,online_median[k=2],S38,10
0.8,0.6546536707079772,0.8333333333333334,0.8,online_quantile[k=3],S38,10
0.8,0.6546536707079772,0.8333333333333334,0.8,online_median[k=3],S38,10
0.9,0.816496580927726,0.9090909090909091,0.9,online_quantile[k=5],S38,10
0.9,0.816496580927726,0.9090909090909091,0.9,online_median[k=5],S38,10
0.875,0.82915619758885,0.9565217391304348,0.9333333333333333,fixed_0.5,S01,15
0.875,0.82915619758885,0.9565217391304348,0.9333333333333333,val_subject,S01,15
0.6931818181818181,0.3424747597107866,0.7368421052631579,0.6666666666666666,train_prior_quantile,S01,15
0.6477272727272727,0.2618924633082486,0.6666666666666666,0.6,online_quantile[k=2],S01,15
0.6477272727272727,0.2618924633082486,0.6666666666666666,0.6,online_median[k=2],S01,15
0.6477272727272727,0.2618924633082486,0.6666666666666666,0.6,online_quantile[k=3],S01,15
0.6477272727272727,0.2618924633082486,0.6666666666666666,0.6,online_median[k=3],S01,15
0.6477272727272727,0.2618924633082486,0.6666666666666666,0.6,online_quantile[k=5],S01,15
0.6477272727272727,0.2618924633082486,0.6666666666666666,0.6,online_median[k=5],S01,15
0.8,0.5477225575051661,0.6666666666666666,0.7142857142857143,fixed_0.5,S02,7
0.8,0.5477225575051661,0.6666666666666666,0.7142857142857143,val_subject,S02,7
0.8,0.5477225575051661,0.6666666666666666,0.7142857142857143,train_prior_quantile,S02,7
0.8,0.5477225575051661,0.6666666666666666,0.7142857142857143,online_quantile[k=2],S02,7
0.8,0.5477225575051661,0.6666666666666666,0.7142857142857143,online_median[k=2],S02,7
0.8,0.5477225575051661,0.6666666666666666,0.7142857142857143,online_quantile[k=3],S02,7
0.8,0.5477225575051661,0.6666666666666666,0.7142857142857143,online_median[k=3],S02,7
0.8,0.5477225575051661,0.6666666666666666,0.7142857142857143,online_quantile[k=5],S02,7
0.8,0.5477225575051661,0.6666666666666666,0.7142857142857143,online_median[k=5],S02,7
0.5,0.0,0.0,0.8333333333333334,fixed_0.5,S03,6
0.5,0.0,0.0,0.8333333333333334,val_subject,S03,6
0.8,0.4472135954999579,0.5,0.6666666666666666,train_prior_quantile,S03,6
0.8,0.4472135954999579,0.5,0.6666666666666666,online_quantile[k=2],S03,6
0.8,0.4472135954999579,0.5,0.6666666666666666,online_median[k=2],S03,6
0.8,0.4472135954999579,0.5,0.6666666666666666,online_quantile[k=3],S03,6
0.8,0.4472135954999579,0.5,0.6666666666666666,online_median[k=3],S03,6
0.4,-0.2,0.0,0.6666666666666666,online_quantile[k=5],S03,6
0.4,-0.2,0.0,0.6666666666666666,online_median[k=5],S03,6
0.7,0.4472135954999579,0.5714285714285714,0.625,fixed_0.5,S05,8
0.7,0.4472135954999579,0.5714285714285714,0.625,val_subject,S05,8
0.6333333333333333,0.2581988897471611,0.6666666666666666,0.625,train_prior_quantile,S05,8
0.6333333333333333,0.2581988897471611,0.6666666666666666,0.625,online_quantile[k=2],S05,8
0.6333333333333333,0.2581988897471611,0.6666666666666666,0.625,online_median[k=2],S05,8
0.6333333333333333,0.2581988897471611,0.6666666666666666,0.625,online_quantile[k=3],S05,8
0.6333333333333333,0.2581988897471611,0.6666666666666666,0.625,online_median[k=3],S05,8
0.6333333333333333,0.2581988897471611,0.6666666666666666,0.625,online_quantile[k=5],S05,8
0.6333333333333333,0.2581988897471611,0.6666666666666666,0.625,online_median[k=5],S05,8
0.5,0.0,0.5,0.5,fixed_0.5,S06,8
0.5,0.0,0.5,0.5,val_subject,S06,8
0.5,0.0,0.5,0.5,train_prior_quantile,S06,8
0.5,0.0,0.5,0.5,online_quantile[k=2],S06,8
0.5,0.0,0.5,0.5,online_median[k=2],S06,8
0.5,0.0,0.5,0.5,online_quantile[k=3],S06,8
0.5,0.0,0.5,0.5,online_median[k=3],S06,8
0.5,0.0,0.5,0.5,online_quantile[k=5],S06,8
0.5,0.0,0.5,0.5,online_median[k=5],S06,8
0.5833333333333333,0.16666666666666666,0.5714285714285714,0.5714285714285714,fixed_0.5,S07,7
0.5833333333333333,0.16666666666666666,0.5714285714285714,0.5714285714285714,val_subject,S07,7
0.5833333333333333,0.16666666666666666,0.5714285714285714,0.5714285714285714,train_prior_quantile,S07,7
0.5833333333333333,0.16666666666666666,0.5714285714285714,0.5714285714285714,online_quantile[k=2],S07,7
0.5833333333333333,0.16666666666666666,0.5714285714285714,0.5714285714285714,online_median[k=2],S07,7
0.5833333333333333,0.16666666666666666,0.5714285714285714,0.5714285714285714,online_quantile[k=3],S07,7
0.5833333333333333,0.16666666666666666,0.5714285714285714,0.5714285714285714,online_median[k=3],S07,7
0.5833333333333333,0.16666666666666666,0.5714285714285714,0.5714285714285714,online_quantile[k=5],S07,7
0.5833333333333333,0.16666666666666666,0.5714285714285714,0.5714285714285714,online_median[k=5],S07,7
0.4,-0.2,0.0,0.6666666666666666,fixed_0.5,S21,6
0.4,-0.2,0.0,0.6666666666666666,val_subject,S21,6
0.2,-0.4472135954999579,0.0,0.3333333333333333,train_prior_quantile,S21,6
0.3,-0.31622776601683794,0.0,0.5,online_quantile[k=2],S21,6
0.3,-0.31622776601683794,0.0,0.5,online_median[k=2],S21,6
0.4,-0.2,0.0,0.6666666666666666,online_quantile[k=3],S21,6
0.4,-0.2,0.0,0.6666666666666666,online_median[k=3],S21,6
0.4,-0.2,0.0,0.6666666666666666,online_quantile[k=5],S21,6
0.4,-0.2,0.0,0.6666666666666666,online_median[k=5],S21,6
0.7083333333333334,0.3042903097250923,0.5882352941176471,0.5,fixed_0.5,S22,14
0.7083333333333334,0.3042903097250923,0.5882352941176471,0.5,val_subject,S22,14
0.7916666666666667,0.40824829046386296,0.7368421052631579,0.6428571428571429,train_prior_quantile,S22,14
0.8333333333333333,0.47140452079103173,0.8,0.7142857142857143,online_quantile[k=2],S22,14
0.8333333333333333,0.47140452079103173,0.8,0.7142857142857143,online_median[k=2],S22,14
0.8333333333333333,0.47140452079103173,0.8,0.7142857142857143,online_quantile[k=3],S22,14
0.8333333333333333,0.47140452079103173,0.8,0.7142857142857143,online_median[k=3],S22,14
0.7916666666666667,0.40824829046386296,0.7368421052631579,0.6428571428571429,online_quantile[k=5],S22,14
0.7916666666666667,0.40824829046386296,0.7368421052631579,0.6428571428571429,online_median[k=5],S22,14
1.0,1.0,1.0,1.0,fixed_0.5,S23,12
1.0,1.0,1.0,1.0,val_subject,S23,12
0.9285714285714286,0.8451542547285166,0.9230769230769231,0.9166666666666666,train_prior_quantile,S23,12
0.8,0.6831300510639732,0.875,0.8333333333333334,online_quantile[k=2],S23,12
0.8,0.6831300510639732,0.875,0.8333333333333334,online_median[k=2],S23,12
0.9,0.8366600265340756,0.9333333333333333,0.9166666666666666,online_quantile[k=3],S23,12
0.9,0.8366600265340756,0.9333333333333333,0.9166666666666666,online_median[k=3],S23,12
1.0,1.0,1.0,1.0,online_quantile[k=5],S23,12
1.0,1.0,1.0,1.0,online_median[k=5],S23,12
1.0,1.0,1.0,1.0,fixed_0.5,S24,13
1.0,1.0,1.0,1.0,val_subject,S24,13
0.875,0.7319250547113999,0.8333333333333334,0.8461538461538461,train_prior_quantile,S24,13
0.75,0.5270462766947299,0.7142857142857143,0.6923076923076923,online_quantile[k=2],S24,13
0.75,0.5270462766947299,0.7142857142857143,0.6923076923076923,online_median[k=2],S24,13
0.75,0.5270462766947299,0.7142857142857143,0.6923076923076923,online_quantile[k=3],S24,13
0.75,0.5270462766947299,0.7142857142857143,0.6923076923076923,online_median[k=3],S24,13
0.875,0.7319250547113999,0.8333333333333334,0.8461538461538461,online_quantile[k=5],S24,13
0.875,0.7319250547113999,0.8333333333333334,0.8461538461538461,online_median[k=5],S24,13
0.6666666666666666,0.47140452079103173,0.8,0.7142857142857143,fixed_0.5,S25,14
0.6666666666666666,0.47140452079103173,0.8,0.7142857142857143,val_subject,S25,14
0.6458333333333333,0.28867513459481287,0.6666666666666666,0.6428571428571429,train_prior_quantile,S25,14
0.6666666666666666,0.47140452079103173,0.8,0.7142857142857143,online_quantile[k=2],S25,14
0.6666666666666666,0.47140452079103173,0.8,0.7142857142857143,online_median[k=2],S25,14
0.6666666666666666,0.47140452079103173,0.8,0.7142857142857143,online_quantile[k=3],S25,14
0.6666666666666666,0.47140452079103173,0.8,0.7142857142857143,online_median[k=3],S25,14
0.6666666666666666,0.47140452079103173,0.8,0.7142857142857143,online_quantile[k=5],S25,14
0.6666666666666666,0.47140452079103173,0.8,0.7142857142857143,online_median[k=5],S25,14
1.0,1.0,1.0,1.0,fixed_0.5,S26,7
1.0,1.0,1.0,1.0,val_subject,S26,7
0.9,0.7302967433402214,0.8888888888888888,0.8571428571428571,train_prior_quantile,S26,7
1.0,1.0,1.0,1.0,online_quantile[k=2],S26,7
1.0,1.0,1.0,1.0,online_median[k=2],S26,7
1.0,1.0,1.0,1.0,online_quantile[k=3],S26,7
1.0,1.0,1.0,1.0,online_median[k=3],S26,7
1.0,1.0,1.0,1.0,online_quantile[k=5],S26,7
1.0,1.0,1.0,1.0,online_median[k=5],S26,7
0.6166666666666667,0.24370871833797697,0.5882352941176471,0.5625,fixed_0.5,S08,16
0.6166666666666667,0.24370871833797697,0.5882352941176471,0.5625,val_subject,S08,16
0.6333333333333333,0.2581988897471611,0.5714285714285714,0.625,train_prior_quantile,S08,16
0.6666666666666667,0.3333333333333333,0.625,0.625,online_quantile[k=2],S08,16
0.6666666666666667,0.3333333333333333,0.625,0.625,online_median[k=2],S08,16
0.6666666666666667,0.3333333333333333,0.625,0.625,online_quantile[k=3],S08,16
0.6666666666666667,0.3333333333333333,0.625,0.625,online_median[k=3],S08,16
0.6666666666666667,0.3333333333333333,0.625,0.625,online_quantile[k=5],S08,16
0.6666666666666667,0.3333333333333333,0.625,0.625,online_median[k=5],S08,16
0.8125,0.5,0.7692307692307693,0.7,fixed_0.5,S09,10
0.8125,0.5,0.7692307692307693,0.7,val_subject,S09,10
0.8125,0.5,0.7692307692307693,0.7,train_prior_quantile,S09,10
0.9375,0.7637626158259734,0.9333333333333333,0.9,online_quantile[k=2],S09,10
0.9375,0.7637626158259734,0.9333333333333333,0.9,online_median[k=2],S09,10
0.9375,0.7637626158259734,0.9333333333333333,0.9,online_quantile[k=3],S09,10
0.9375,0.7637626158259734,0.9333333333333333,0.9,online_median[k=3],S09,10
0.875,0.6123724356957946,0.8571428571428571,0.8,online_quantile[k=5],S09,10
0.875,0.6123724356957946,0.8571428571428571,0.8,online_median[k=5],S09,10
0.875,0.816496580927726,0.8571428571428571,0.9166666666666666,fixed_0.5,S10,12
0.875,0.816496580927726,0.8571428571428571,0.9166666666666666,val_subject,S10,12
0.6875,0.3535533905932738,0.6,0.6666666666666666,train_prior_quantile,S10,12
0.8125,0.5976143046671968,0.7272727272727273,0.75,online_quantile[k=2],S10,12
0.8125,0.5976143046671968,0.7272727272727273,0.75,online_median[k=2],S10,12
0.8125,0.5976143046671968,0.7272727272727273,0.75,online_quantile[k=3],S10,12
0.8125,0.5976143046671968,0.7272727272727273,0.75,online_median[k=3],S10,12
0.875,0.7071067811865476,0.8,0.8333333333333334,online_quantile[k=5],S10,12
0.875,0.7071067811865476,0.8,0.8333333333333334,online_median[k=5],S10,12
0.8,0.5477225575051661,0.75,0.7142857142857143,fixed_0.5,S12,7
0.8,0.5477225575051661,0.75,0.7142857142857143,val_subject,S12,7
0.9,0.7302967433402214,0.8888888888888888,0.8571428571428571,train_prior_quantile,S12,7
0.9,0.7302967433402214,0.8888888888888888,0.8571428571428571,online_quantile[k=2],S12,7
0.9,0.7302967433402214,0.8888888888888888,0.8571428571428571,online_median[k=2],S12,7
0.9,0.7302967433402214,0.8888888888888888,0.8571428571428571,online_quantile[k=3],S12,7
0.9,0.7302967433402214,0.8888888888888888,0.8571428571428571,online_median[k=3],S12,7
0.9,0.7302967433402214,0.8888888888888888,0.8571428571428571,online_quantile[k=5],S12,7
0.9,0.7302967433402214,0.8888888888888888,0.8571428571428571,online_median[k=5],S12,7
0.5,0.0,0.0,0.6666666666666666,fixed_0.5,S13,6
0.5,0.0,0.0,0.6666666666666666,val_subject,S13,6
0.875,0.7071067811865476,0.8,0.8333333333333334,train_prior_quantile,S13,6
0.875,0.7071067811865476,0.8,0.8333333333333334,online_quantile[k=2],S13,6
0.875,0.7071067811865476,0.8,0.8333333333333334,online_median[k=2],S13,6
0.875,0.7071067811865476,0.8,0.8333333333333334,online_quantile[k=3],S13,6
0.875,0.7071067811865476,0.8,0.8333333333333334,online_median[k=3],S13,6
0.75,0.6324555320336759,0.6666666666666666,0.8333333333333334,online_quantile[k=5],S13,6
0.75,0.6324555320336759,0.6666666666666666,0.8333333333333334,online_median[k=5],S13,6
0.9166666666666667,0.7453559924999299,0.9090909090909091,0.875,fixed_0.5,S14,8
0.9166666666666667,0.7453559924999299,0.9090909090909091,0.875,val_subject,S14,8
0.8333333333333333,0.5773502691896258,0.8,0.75,train_prior_quantile,S14,8
0.6666666666666667,0.3333333333333333,0.8333333333333334,0.75,online_quantile[k=2],S14,8
0.6666666666666667,0.3333333333333333,0.8333333333333334,0.75,online_median[k=2],S14,8
0.6666666666666667,0.3333333333333333,0.8333333333333334,0.75,online_quantile[k=3],S14,8
0.6666666666666667,0.3333333333333333,0.8333333333333334,0.75,online_median[k=3],S14,8
0.9166666666666667,0.7453559924999299,0.9090909090909091,0.875,online_quantile[k=5],S14,8
0.9166666666666667,0.7453559924999299,0.9090909090909091,0.875,online_median[k=5],S14,8
