accuracy,precision,recall,f1,kappa,mcc,balanced_acc,roc_auc,pr_auc,ece,threshold,pred_high_rate,true_high_rate,collapsed,method,fold,test_subject,n
0.5714285714285714,0.0,0.0,0.0,0.0,0.0,0.5,1.0,1.0,0.6228859956775393,0.5,0.0,0.42857142857142855,1,fixed_0p50,37,S39,7
0.5714285714285714,0.0,0.0,0.0,0.0,0.0,0.5,1.0,1.0,0.6228859956775393,0.41,0.0,0.42857142857142855,1,fold_val_threshold,37,S39,7
0.5714285714285714,0.0,0.0,0.0,0.0,0.0,0.5,1.0,1.0,0.6228859956775393,0.437,0.0,0.42857142857142855,1,fold_threshold_shrink,37,S39,7
0.5714285714285714,0.0,0.0,0.0,0.0,0.0,0.5,1.0,1.0,0.6228859956775393,0.41,0.0,0.42857142857142855,1,fold_threshold_clipped,37,S39,7
0.8571428571428571,0.75,1.0,0.8571428571428571,0.72,0.75,0.875,1.0,1.0,0.6228859956775393,0.1668533205986023,0.5714285714285714,0.42857142857142855,0,subject_median_unsup,37,S39,7
0.8571428571428571,0.75,1.0,0.8571428571428571,0.72,0.75,0.875,1.0,1.0,0.6228859956775393,0.1668533205986023,0.5714285714285714,0.42857142857142855,0,subject_prior_quantile_unsup,37,S39,7
0.8571428571428571,1.0,0.5,0.6666666666666666,0.588235294117647,0.6454972243679028,0.75,0.6,0.6666666666666666,0.4736757452998842,0.5,0.14285714285714285,0.2857142857142857,0,fixed_0p50,38,S40,7
0.8571428571428571,1.0,0.5,0.6666666666666666,0.588235294117647,0.6454972243679028,0.75,0.6,0.6666666666666666,0.4736757452998842,0.43,0.14285714285714285,0.2857142857142857,0,fold_val_threshold,38,S40,7
0.8571428571428571,1.0,0.5,0.6666666666666666,0.588235294117647,0.6454972243679028,0.75,0.6,0.6666666666666666,0.4736757452998842,0.451,0.14285714285714285,0.2857142857142857,0,fold_threshold_shrink,38,S40,7
0.8571428571428571,1.0,0.5,0.6666666666666666,0.588235294117647,0.6454972243679028,0.75,0.6,0.6666666666666666,0.4736757452998842,0.43,0.14285714285714285,0.2857142857142857,0,fold_threshold_clipped,38,S40,7
0.42857142857142855,0.25,0.5,0.3333333333333333,-0.07692307692307687,-0.09128709291752768,0.45,0.6,0.6666666666666666,0.4736757452998842,0.29502426236867907,0.5714285714285714,0.2857142857142857,0,subject_median_unsup,38,S40,7
0.42857142857142855,0.25,0.5,0.3333333333333333,-0.07692307692307687,-0.09128709291752768,0.45,0.6,0.6666666666666666,0.4736757452998842,0.29502426236867907,0.5714285714285714,0.2857142857142857,0,subject_prior_quantile_unsup,38,S40,7
0.8571428571428571,1.0,0.5,0.6666666666666666,0.588235294117647,0.6454972243679028,0.75,0.7,0.7,0.5935652909534317,0.5,0.14285714285714285,0.2857142857142857,0,fixed_0p50,40,S42,7
0.8571428571428571,1.0,0.5,0.6666666666666666,0.588235294117647,0.6454972243679028,0.75,0.7,0.7,0.5935652909534317,0.46,0.14285714285714285,0.2857142857142857,0,fold_val_threshold,40,S42,7
0.8571428571428571,1.0,0.5,0.6666666666666666,0.588235294117647,0.6454972243679028,0.75,0.7,0.7,0.5935652909534317,0.47200000000000003,0.14285714285714285,0.2857142857142857,0,fold_threshold_shrink,40,S42,7
0.8571428571428571,1.0,0.5,0.6666666666666666,0.588235294117647,0.6454972243679028,0.75,0.7,0.7,0.5935652909534317,0.46,0.14285714285714285,0.2857142857142857,0,fold_threshold_clipped,40,S42,7
0.42857142857142855,0.25,0.5,0.3333333333333333,-0.07692307692307687,-0.09128709291752768,0.45,0.7,0.7,0.5935652909534317,0.23838286697864533,0.5714285714285714,0.2857142857142857,0,subject_median_unsup,40,S42,7
0.42857142857142855,0.25,0.5,0.3333333333333333,-0.07692307692307687,-0.09128709291752768,0.45,0.7,0.7,0.5935652909534317,0.23838286697864533,0.5714285714285714,0.2857142857142857,0,subject_prior_quantile_unsup,40,S42,7
1.0,1.0,1.0,1.0,1.0,1.0,1.0,1.0,1.0,0.3958296877997262,0.5,0.7142857142857143,0.7142857142857143,0,fixed_0p50,41,S43,7
0.8571428571428571,0.8333333333333334,1.0,0.9090909090909091,0.588235294117647,0.6454972243679028,0.75,1.0,1.0,0.3958296877997262,0.31,0.8571428571428571,0.7142857142857143,0,fold_val_threshold,41,S43,7
1.0,1.0,1.0,1.0,1.0,1.0,1.0,1.0,1.0,0.3958296877997262,0.367,0.7142857142857143,0.7142857142857143,0,fold_threshold_shrink,41,S43,7
0.8571428571428571,0.8333333333333334,1.0,0.9090909090909091,0.588235294117647,0.6454972243679028,0.75,1.0,1.0,0.3958296877997262,0.35,0.8571428571428571,0.7142857142857143,0,fold_threshold_clipped,41,S43,7
0.8571428571428571,1.0,0.8,0.8888888888888888,0.6956521739130435,0.7302967433402214,0.9,1.0,1.0,0.3958296877997262,0.6321981847286224,0.5714285714285714,0.7142857142857143,0,subject_median_unsup,41,S43,7
0.8571428571428571,1.0,0.8,0.8888888888888888,0.6956521739130435,0.7302967433402214,0.9,1.0,1.0,0.3958296877997262,0.6321981847286224,0.5714285714285714,0.7142857142857143,0,subject_prior_quantile_unsup,41,S43,7
0.8571428571428571,0.5,1.0,0.6666666666666666,0.588235294117647,0.6454972243679028,0.9166666666666667,1.0,1.0,0.6740308340638875,0.5,0.2857142857142857,0.14285714285714285,0,fixed_0p50,25,S27,7
0.8571428571428571,0.5,1.0,0.6666666666666666,0.588235294117647,0.6454972243679028,0.9166666666666667,1.0,1.0,0.6740308340638875,0.55,0.2857142857142857,0.14285714285714285,0,fold_val_threshold,25,S27,7
0.8571428571428571,0.5,1.0,0.6666666666666666,0.588235294117647,0.6454972243679028,0.9166666666666667,1.0,1.0,0.6740308340638875,0.535,0.2857142857142857,0.14285714285714285,0,fold_threshold_shrink,25,S27,7
0.8571428571428571,0.5,1.0,0.6666666666666666,0.588235294117647,0.6454972243679028,0.9166666666666667,1.0,1.0,0.6740308340638875,0.55,0.2857142857142857,0.14285714285714285,0,fold_threshold_clipped,25,S27,7
0.5714285714285714,0.25,1.0,0.4,0.2222222222222221,0.3535533905932738,0.75,1.0,1.0,0.6740308340638875,0.26442240476608275,0.5714285714285714,0.14285714285714285,0,subject_median_unsup,25,S27,7
0.5714285714285714,0.25,1.0,0.4,0.2222222222222221,0.3535533905932738,0.75,1.0,1.0,0.6740308340638875,0.26442240476608275,0.5714285714285714,0.14285714285714285,0,subject_prior_quantile_unsup,25,S27,7
0.5714285714285714,0.5,1.0,0.6666666666666666,0.2222222222222221,0.3535533905932738,0.625,0.8333333333333333,0.8666666666666667,0.3533687812941415,0.5,0.8571428571428571,0.42857142857142855,0,fixed_0p50,26,S28,7
0.42857142857142855,0.42857142857142855,1.0,0.6,0.0,0.0,0.5,0.8333333333333333,0.8666666666666667,0.3533687812941415,0.13,1.0,0.42857142857142855,1,fold_val_threshold,26,S28,7
0.42857142857142855,0.42857142857142855,1.0,0.6,0.0,0.0,0.5,0.8333333333333333,0.8666666666666667,0.3533687812941415,0.24100000000000002,1.0,0.42857142857142855,1,fold_threshold_shrink,26,S28,7
0.42857142857142855,0.42857142857142855,1.0,0.6,0.0,0.0,0.5,0.8333333333333333,0.8666666666666667,0.3533687812941415,0.35,1.0,0.42857142857142855,1,fold_threshold_clipped,26,S28,7
0.5714285714285714,0.5,0.6666666666666666,0.5714285714285714,0.15999999999999992,0.16666666666666666,0.5833333333333333,0.8333333333333333,0.8666666666666667,0.3533687812941415,0.8050983190536499,0.5714285714285714,0.42857142857142855,0,subject_median_unsup,26,S28,7
0.5714285714285714,0.5,0.6666666666666666,0.5714285714285714,0.15999999999999992,0.16666666666666666,0.5833333333333333,0.8333333333333333,0.8666666666666667,0.3533687812941415,0.8050983190536499,0.5714285714285714,0.42857142857142855,0,subject_prior_quantile_unsup,26,S28,7
0.9,0.8947368421052632,1.0,0.9444444444444444,0.45945945945945954,0.5461186812727502,0.6666666666666666,0.9411764705882353,0.9903478419231471,0.2396674764156342,0.5,0.95,0.85,0,fixed_0p50,27,S29,20
0.85,0.85,1.0,0.918918918918919,0.0,0.0,0.5,0.9411764705882353,0.9903478419231471,0.2396674764156342,0.35,1.0,0.85,1,fold_val_threshold,27,S29,20
0.85,0.85,1.0,0.918918918918919,0.0,0.0,0.5,0.9411764705882353,0.9903478419231471,0.2396674764156342,0.395,1.0,0.85,1,fold_threshold_shrink,27,S29,20
0.85,0.85,1.0,0.918918918918919,0.0,0.0,0.5,0.9411764705882353,0.9903478419231471,0.2396674764156342,0.35,1.0,0.85,1,fold_threshold_clipped,27,S29,20
0.65,1.0,0.5882352941176471,0.7407407407407407,0.30000000000000004,0.420084025208403,0.7941176470588236,0.9411764705882353,0.9903478419231471,0.2396674764156342,0.6959695994853974,0.5,0.85,0,subject_median_unsup,27,S29,20
0.65,1.0,0.5882352941176471,0.7407407407407407,0.30000000000000004,0.420084025208403,0.7941176470588236,0.9411764705882353,0.9903478419231471,0.2396674764156342,0.6959695994853974,0.5,0.85,0,subject_prior_quantile_unsup,27,S29,20
0.8461538461538461,0.5,1.0,0.6666666666666666,0.5806451612903225,0.6396021490668313,0.9090909090909092,1.0,1.0,0.7356776524442606,0.5,0.3076923076923077,0.15384615384615385,0,fixed_0p50,28,S30,13
0.7692307692307693,0.4,1.0,0.5714285714285714,0.45070422535211274,0.5393598899705937,0.8636363636363636,1.0,1.0,0.7356776524442606,0.38,0.38461538461538464,0.15384615384615385,0,fold_val_threshold,28,S30,13
0.8461538461538461,0.5,1.0,0.6666666666666666,0.5806451612903225,0.6396021490668313,0.9090909090909092,1.0,1.0,0.7356776524442606,0.416,0.3076923076923077,0.15384615384615385,0,fold_threshold_shrink,28,S30,13
0.7692307692307693,0.4,1.0,0.5714285714285714,0.45070422535211274,0.5393598899705937,0.8636363636363636,1.0,1.0,0.7356776524442606,0.38,0.38461538461538464,0.15384615384615385,0,fold_threshold_clipped,28,S30,13
0.6153846153846154,0.2857142857142857,1.0,0.4444444444444444,0.2696629213483147,0.39477101697586137,0.7727272727272727,1.0,1.0,0.7356776524442606,0.16245685741305352,0.5384615384615384,0.15384615384615385,0,subject_median_unsup,28,S30,13
0.6153846153846154,0.2857142857142857,1.0,0.4444444444444444,0.2696629213483147,0.39477101697586137,0.7727272727272727,1.0,1.0,0.7356776524442606,0.16245685741305352,0.5384615384615384,0.15384615384615385,0,subject_prior_quantile_unsup,28,S30,13
1.0,1.0,1.0,1.0,1.0,1.0,1.0,1.0,1.0,0.6121234407914536,0.5,0.14285714285714285,0.14285714285714285,0,fixed_0p50,30,S32,7
0.7142857142857143,0.3333333333333333,1.0,0.5,0.36363636363636376,0.47140452079103173,0.8333333333333333,1.0,1.0,0.6121234407914536,0.32,0.42857142857142855,0.14285714285714285,0,fold_val_threshold,30,S32,7
0.8571428571428571,0.5,1.0,0.6666666666666666,0.588235294117647,0.6454972243679028,0.9166666666666667,1.0,1.0,0.6121234407914536,0.374,0.2857142857142857,0.14285714285714285,0,fold_threshold_shrink,30,S32,7
0.8571428571428571,0.5,1.0,0.6666666666666666,0.588235294117647,0.6454972243679028,0.9166666666666667,1.0,1.0,0.6121234407914536,0.35,0.2857142857142857,0.14285714285714285,0,fold_threshold_clipped,30,S32,7
0.5714285714285714,0.25,1.0,0.4,0.2222222222222221,0.3535533905932738,0.75,1.0,1.0,0.6121234407914536,0.3132838875055313,0.5714285714285714,0.14285714285714285,0,subject_median_unsup,30,S32,7
0.5714285714285714,0.25,1.0,0.4,0.2222222222222221,0.3535533905932738,0.75,1.0,1.0,0.6121234407914536,0.3132838875055313,0.5714285714285714,0.14285714285714285,0,subject_prior_quantile_unsup,30,S32,7
0.8333333333333334,1.0,0.6666666666666666,0.8,0.6666666666666667,0.7071067811865476,0.8333333333333333,1.0,1.0,0.5014274702717861,0.5,0.3333333333333333,0.5,0,fixed_0p50,13,S15,6
0.8333333333333334,1.0,0.6666666666666666,0.8,0.6666666666666667,0.7071067811865476,0.8333333333333333,1.0,1.0,0.5014274702717861,0.36,0.3333333333333333,0.5,0,fold_val_threshold,13,S15,6
0.8333333333333334,1.0,0.6666666666666666,0.8,0.6666666666666667,0.7071067811865476,0.8333333333333333,1.0,1.0,0.5014274702717861,0.402,0.3333333333333333,0.5,0,fold_threshold_shrink,13,S15,6
0.8333333333333334,1.0,0.6666666666666666,0.8,0.6666666666666667,0.7071067811865476,0.8333333333333333,1.0,1.0,0.5014274702717861,0.36,0.3333333333333333,0.5,0,fold_threshold_clipped,13,S15,6
1.0,1.0,1.0,1.0,1.0,1.0,1.0,1.0,1.0,0.5014274702717861,0.30538740903139117,0.5,0.5,0,subject_median_unsup,13,S15,6
1.0,1.0,1.0,1.0,1.0,1.0,1.0,1.0,1.0,0.5014274702717861,0.30538740903139117,0.5,0.5,0,subject_prior_quantile_unsup,13,S15,6
0.7142857142857143,1.0,0.6,0.75,0.46153846153846156,0.5477225575051661,0.8,1.0,1.0,0.47924360483884804,0.5,0.42857142857142855,0.7142857142857143,0,fixed_0p50,15,S17,7
1.0,1.0,1.0,1.0,1.0,1.0,1.0,1.0,1.0,0.47924360483884804,0.14,0.7142857142857143,0.7142857142857143,0,fold_val_threshold,15,S17,7
1.0,1.0,1.0,1.0,1.0,1.0,1.0,1.0,1.0,0.47924360483884804,0.24800000000000003,0.7142857142857143,0.7142857142857143,0,fold_threshold_shrink,15,S17,7
1.0,1.0,1.0,1.0,1.0,1.0,1.0,1.0,1.0,0.47924360483884804,0.35,0.7142857142857143,0.7142857142857143,0,fold_threshold_clipped,15,S17,7
0.8571428571428571,1.0,0.8,0.8888888888888888,0.6956521739130435,0.7302967433402214,0.9,1.0,1.0,0.47924360483884804,0.4020320400595665,0.5714285714285714,0.7142857142857143,0,subject_median_unsup,15,S17,7
0.8571428571428571,1.0,0.8,0.8888888888888888,0.6956521739130435,0.7302967433402214,0.9,1.0,1.0,0.47924360483884804,0.4020320400595665,0.5714285714285714,0.7142857142857143,0,subject_prior_quantile_unsup,15,S17,7
0.7857142857142857,0.75,0.8571428571428571,0.8,0.5714285714285714,0.5773502691896257,0.7857142857142857,0.9591836734693877,0.9682539682539681,0.41023751199245456,0.5,0.5714285714285714,0.5,0,fixed_0p50,16,S18,14
0.7857142857142857,0.75,0.8571428571428571,0.8,0.5714285714285714,0.5773502691896257,0.7857142857142857,0.9591836734693877,0.9682539682539681,0.41023751199245456,0.37,0.5714285714285714,0.5,0,fold_val_threshold,16,S18,14
0.7857142857142857,0.75,0.8571428571428571,0.8,0.5714285714285714,0.5773502691896257,0.7857142857142857,0.9591836734693877,0.9682539682539681,0.41023751199245456,0.40900000000000003,0.5714285714285714,0.5,0,fold_threshold_shrink,16,S18,14
0.7857142857142857,0.75,0.8571428571428571,0.8,0.5714285714285714,0.5773502691896257,0.7857142857142857,0.9591836734693877,0.9682539682539681,0.41023751199245456,0.37,0.5714285714285714,0.5,0,fold_threshold_clipped,16,S18,14
0.8571428571428571,0.8571428571428571,0.8571428571428571,0.8571428571428571,0.7142857142857143,0.7142857142857143,0.8571428571428571,0.9591836734693877,0.9682539682539681,0.41023751199245456,0.5947834506630898,0.5,0.5,0,subject_median_unsup,16,S18,14
0.8571428571428571,0.8571428571428571,0.8571428571428571,0.8571428571428571,0.7142857142857143,0.7142857142857143,0.8571428571428571,0.9591836734693877,0.9682539682539681,0.41023751199245456,0.5947834506630898,0.5,0.5,0,subject_prior_quantile_unsup,16,S18,14
0.4117647058823529,0.4117647058823529,1.0,0.5833333333333334,0.0,0.0,0.5,0.8999999999999999,0.8486394557823129,0.28513577896005965,0.5,1.0,0.4117647058823529,1,fixed_0p50,17,S19,17
0.4117647058823529,0.4117647058823529,1.0,0.5833333333333334,0.0,0.0,0.5,0.8999999999999999,0.8486394557823129,0.28513577896005965,0.05,1.0,0.4117647058823529,1,fold_val_threshold,17,S19,17
0.4117647058823529,0.4117647058823529,1.0,0.5833333333333334,0.0,0.0,0.5,0.8999999999999999,0.8486394557823129,0.28513577896005965,0.18500000000000003,1.0,0.4117647058823529,1,fold_threshold_shrink,17,S19,17
0.4117647058823529,0.4117647058823529,1.0,0.5833333333333334,0.0,0.0,0.5,0.8999999999999999,0.8486394557823129,0.28513577896005965,0.35,1.0,0.4117647058823529,1,fold_threshold_clipped,17,S19,17
0.7647058823529411,0.6666666666666666,0.8571428571428571,0.75,0.5342465753424657,0.5493502655735357,0.7785714285714285,0.8999999999999999,0.8486394557823129,0.28513577896005965,0.591085571050644,0.5294117647058824,0.4117647058823529,0,subject_median_unsup,17,S19,17
0.7647058823529411,0.6666666666666666,0.8571428571428571,0.75,0.5342465753424657,0.5493502655735357,0.7785714285714285,0.8999999999999999,0.8486394557823129,0.28513577896005965,0.591085571050644,0.5294117647058824,0.4117647058823529,0,subject_prior_quantile_unsup,17,S19,17
0.8571428571428571,1.0,0.5,0.6666666666666666,0.588235294117647,0.6454972243679028,0.75,1.0,1.0,0.7370167808341129,0.5,0.14285714285714285,0.2857142857142857,0,fixed_0p50,18,S20,7
1.0,1.0,1.0,1.0,1.0,1.0,1.0,1.0,1.0,0.7370167808341129,0.35,0.2857142857142857,0.2857142857142857,0,fold_val_threshold,18,S20,7
1.0,1.0,1.0,1.0,1.0,1.0,1.0,1.0,1.0,0.7370167808341129,0.395,0.2857142857142857,0.2857142857142857,0,fold_threshold_shrink,18,S20,7
1.0,1.0,1.0,1.0,1.0,1.0,1.0,1.0,1.0,0.7370167808341129,0.35,0.2857142857142857,0.2857142857142857,0,fold_threshold_clipped,18,S20,7
0.7142857142857143,0.5,1.0,0.6666666666666666,0.46153846153846156,0.5477225575051661,0.8,1.0,1.0,0.7370167808341129,0.04860205352306366,0.5714285714285714,0.2857142857142857,0,subject_median_unsup,18,S20,7
0.7142857142857143,0.5,1.0,0.6666666666666666,0.46153846153846156,0.5477225575051661,0.8,1.0,1.0,0.7370167808341129,0.04860205352306366,0.5714285714285714,0.2857142857142857,0,subject_prior_quantile_unsup,18,S20,7
0.8571428571428571,1.0,0.5,0.6666666666666666,0.588235294117647,0.6454972243679028,0.75,1.0,1.0,0.7406713285084281,0.5,0.14285714285714285,0.2857142857142857,0,fixed_0p50,32,S34,7
0.7142857142857143,0.0,0.0,0.0,0.0,0.0,0.5,1.0,1.0,0.7406713285084281,0.83,0.0,0.2857142857142857,1,fold_val_threshold,32,S34,7
0.7142857142857143,0.0,0.0,0.0,0.0,0.0,0.5,1.0,1.0,0.7406713285084281,0.731,0.0,0.2857142857142857,1,fold_threshold_shrink,32,S34,7
0.8571428571428571,1.0,0.5,0.6666666666666666,0.588235294117647,0.6454972243679028,0.75,1.0,1.0,0.7406713285084281,0.65,0.14285714285714285,0.2857142857142857,0,fold_threshold_clipped,32,S34,7
0.7142857142857143,0.5,1.0,0.6666666666666666,0.46153846153846156,0.5477225575051661,0.8,1.0,1.0,0.7406713285084281,0.09342472776770591,0.5714285714285714,0.2857142857142857,0,subject_median_unsup,32,S34,7
0.7142857142857143,0.5,1.0,0.6666666666666666,0.46153846153846156,0.5477225575051661,0.8,1.0,1.0,0.7406713285084281,0.09342472776770591,0.5714285714285714,0.2857142857142857,0,subject_prior_quantile_unsup,32,S34,7
0.8333333333333334,0.0,0.0,0.0,0.0,0.0,0.5,1.0,1.0,0.8419231234739223,0.5,0.0,0.16666666666666666,1,fixed_0p50,33,S35,6
1.0,1.0,1.0,1.0,1.0,1.0,1.0,1.0,1.0,0.8419231234739223,0.39,0.16666666666666666,0.16666666666666666,0,fold_val_threshold,33,S35,6
1.0,1.0,1.0,1.0,1.0,1.0,1.0,1.0,1.0,0.8419231234739223,0.423,0.16666666666666666,0.16666666666666666,0,fold_threshold_shrink,33,S35,6
1.0,1.0,1.0,1.0,1.0,1.0,1.0,1.0,1.0,0.8419231234739223,0.39,0.16666666666666666,0.16666666666666666,0,fold_threshold_clipped,33,S35,6
0.6666666666666666,0.3333333333333333,1.0,0.5,0.33333333333333337,0.4472135954999579,0.8,1.0,1.0,0.8419231234739223,0.06960586570203305,0.5,0.16666666666666666,0,subject_median_unsup,33,S35,6
0.6666666666666666,0.3333333333333333,1.0,0.5,0.33333333333333337,0.4472135954999579,0.8,1.0,1.0,0.8419231234739223,0.06960586570203305,0.5,0.16666666666666666,0,subject_prior_quantile_unsup,33,S35,6
0.8571428571428571,0.8571428571428571,1.0,0.9230769230769231,0.0,0.0,0.5,0.8333333333333334,0.976190476190476,0.27701085124697,0.5,1.0,0.8571428571428571,1,fixed_0p50,34,S36,7
0.8571428571428571,0.8571428571428571,1.0,0.9230769230769231,0.0,0.0,0.5,0.8333333333333334,0.976190476190476,0.27701085124697,0.05,1.0,0.8571428571428571,1,fold_val_threshold,34,S36,7
0.8571428571428571,0.8571428571428571,1.0,0.9230769230769231,0.0,0.0,0.5,0.8333333333333334,0.976190476190476,0.27701085124697,0.18500000000000003,1.0,0.8571428571428571,1,fold_threshold_shrink,34,S36,7
0.8571428571428571,0.8571428571428571,1.0,0.9230769230769231,0.0,0.0,0.5,0.8333333333333334,0.976190476190476,0.27701085124697,0.35,1.0,0.8571428571428571,1,fold_threshold_clipped,34,S36,7
0.7142857142857143,1.0,0.6666666666666666,0.8,0.36363636363636376,0.47140452079103173,0.8333333333333333,0.8333333333333334,0.976190476190476,0.27701085124697,0.5819488763809204,0.5714285714285714,0.8571428571428571,0,subject_median_unsup,34,S36,7
0.7142857142857143,1.0,0.6666666666666666,0.8,0.36363636363636376,0.47140452079103173,0.8333333333333333,0.8333333333333334,0.976190476190476,0.27701085124697,0.5819488763809204,0.5714285714285714,0.8571428571428571,0,subject_prior_quantile_unsup,34,S36,7
0.875,1.0,0.5,0.6666666666666666,0.6,0.6546536707079772,0.75,1.0,1.0,0.7571219538804144,0.5,0.125,0.25,0,fixed_0p50,35,S37,8
0.875,1.0,0.5,0.6666666666666666,0.6,0.6546536707079772,0.75,1.0,1.0,0.7571219538804144,0.77,0.125,0.25,0,fold_val_threshold,35,S37,8
0.875,1.0,0.5,0.6666666666666666,0.6,0.6546536707079772,0.75,1.0,1.0,0.7571219538804144,0.689,0.125,0.25,0,fold_threshold_shrink,35,S37,8
0.875,1.0,0.5,0.6666666666666666,0.6,0.6546536707079772,0.75,1.0,1.0,0.7571219538804144,0.65,0.125,0.25,0,fold_threshold_clipped,35,S37,8
0.75,0.5,1.0,0.6666666666666666,0.5,0.5773502691896258,0.8333333333333333,1.0,1.0,0.7571219538804144,0.05923954024910927,0.5,0.25,0,subject_median_unsup,35,S37,8
0.75,0.5,1.0,0.6666666666666666,0.5,0.5773502691896258,0.8333333333333333,1.0,1.0,0.7571219538804144,0.05923954024910927,0.5,0.25,0,subject_prior_quantile_unsup,35,S37,8
0.9,0.8333333333333334,1.0,0.9090909090909091,0.8,0.816496580927726,0.9,0.9600000000000001,0.9666666666666666,0.41643915373831986,0.5,0.6,0.5,0,fixed_0p50,36,S38,10
0.9,0.8333333333333334,1.0,0.9090909090909091,0.8,0.816496580927726,0.9,0.9600000000000001,0.9666666666666666,0.41643915373831986,0.32,0.6,0.5,0,fold_val_threshold,36,S38,10
0.9,0.8333333333333334,1.0,0.9090909090909091,0.8,0.816496580927726,0.9,0.9600000000000001,0.9666666666666666,0.41643915373831986,0.374,0.6,0.5,0,fold_threshold_shrink,36,S38,10
0.9,0.8333333333333334,1.0,0.9090909090909091,0.8,0.816496580927726,0.9,0.9600000000000001,0.9666666666666666,0.41643915373831986,0.35,0.6,0.5,0,fold_threshold_clipped,36,S38,10
0.8,0.8,0.8,0.8,0.6,0.6,0.8,0.9600000000000001,0.9666666666666666,0.41643915373831986,0.6177344053983689,0.5,0.5,0,subject_median_unsup,36,S38,10
0.8,0.8,0.8,0.8,0.6,0.6,0.8,0.9600000000000001,0.9666666666666666,0.41643915373831986,0.6177344053983689,0.5,0.5,0,subject_prior_quantile_unsup,36,S38,10
0.9333333333333333,0.9166666666666666,1.0,0.9565217391304348,0.8148148148148149,0.82915619758885,0.875,0.8636363636363636,0.9406172110717566,0.2571304794152578,0.5,0.8,0.7333333333333333,0,fixed_0p50,1,S01,15
0.9333333333333333,0.9166666666666666,1.0,0.9565217391304348,0.8148148148148149,0.82915619758885,0.875,0.8636363636363636,0.9406172110717566,0.2571304794152578,0.39,0.8,0.7333333333333333,0,fold_val_threshold,1,S01,15
0.9333333333333333,0.9166666666666666,1.0,0.9565217391304348,0.8148148148148149,0.82915619758885,0.875,0.8636363636363636,0.9406172110717566,0.2571304794152578,0.423,0.8,0.7333333333333333,0,fold_threshold_shrink,1,S01,15
0.9333333333333333,0.9166666666666666,1.0,0.9565217391304348,0.8148148148148149,0.82915619758885,0.875,0.8636363636363636,0.9406172110717566,0.2571304794152578,0.39,0.8,0.7333333333333333,0,fold_threshold_clipped,1,S01,15
0.6666666666666666,0.875,0.6363636363636364,0.7368421052631579,0.3119266055045873,0.3424747597107866,0.6931818181818181,0.8636363636363636,0.9406172110717566,0.2571304794152578,0.7730074524879456,0.5333333333333333,0.7333333333333333,0,subject_median_unsup,1,S01,15
0.6666666666666666,0.875,0.6363636363636364,0.7368421052631579,0.3119266055045873,0.3424747597107866,0.6931818181818181,0.8636363636363636,0.9406172110717566,0.2571304794152578,0.7730074524879456,0.5333333333333333,0.7333333333333333,0,subject_prior_quantile_unsup,1,S01,15
0.42857142857142855,0.3333333333333333,1.0,0.5,0.125,0.2581988897471611,0.6,1.0,1.0,0.48662702866962976,0.5,0.8571428571428571,0.2857142857142857,0,fixed_0p50,2,S02,7
0.2857142857142857,0.2857142857142857,1.0,0.4444444444444444,0.0,0.0,0.5,1.0,1.0,0.48662702866962976,0.3,1.0,0.2857142857142857,1,fold_val_threshold,2,S02,7
0.2857142857142857,0.2857142857142857,1.0,0.4444444444444444,0.0,0.0,0.5,1.0,1.0,0.48662702866962976,0.36,1.0,0.2857142857142857,1,fold_threshold_shrink,2,S02,7
0.2857142857142857,0.2857142857142857,1.0,0.4444444444444444,0.0,0.0,0.5,1.0,1.0,0.48662702866962976,0.35,1.0,0.2857142857142857,1,fold_threshold_clipped,2,S02,7
0.7142857142857143,0.5,1.0,0.6666666666666666,0.46153846153846156,0.5477225575051661,0.8,1.0,1.0,0.48662702866962976,0.7863971352577209,0.5714285714285714,0.2857142857142857,0,subject_median_unsup,2,S02,7
0.7142857142857143,0.5,1.0,0.6666666666666666,0.46153846153846156,0.5477225575051661,0.8,1.0,1.0,0.48662702866962976,0.7863971352577209,0.5714285714285714,0.2857142857142857,0,subject_prior_quantile_unsup,2,S02,7
0.8333333333333334,0.0,0.0,0.0,0.0,0.0,0.5,0.8,0.5,0.6966457472493252,0.5,0.0,0.16666666666666666,1,fixed_0p50,3,S03,6
0.8333333333333334,0.0,0.0,0.0,0.0,0.0,0.5,0.8,0.5,0.6966457472493252,0.61,0.0,0.16666666666666666,1,fold_val_threshold,3,S03,6
0.8333333333333334,0.0,0.0,0.0,0.0,0.0,0.5,0.8,0.5,0.6966457472493252,0.577,0.0,0.16666666666666666,1,fold_threshold_shrink,3,S03,6
0.8333333333333334,0.0,0.0,0.0,0.0,0.0,0.5,0.8,0.5,0.6966457472493252,0.61,0.0,0.16666666666666666,1,fold_threshold_clipped,3,S03,6
0.6666666666666666,0.3333333333333333,1.0,0.5,0.33333333333333337,0.4472135954999579,0.8,0.8,0.5,0.6966457472493252,0.13042843714356422,0.5,0.16666666666666666,0,subject_median_unsup,3,S03,6
0.6666666666666666,0.3333333333333333,1.0,0.5,0.33333333333333337,0.4472135954999579,0.8,0.8,0.5,0.6966457472493252,0.13042843714356422,0.5,0.16666666666666666,0,subject_prior_quantile_unsup,3,S03,6
0.75,1.0,0.6,0.75,0.5294117647058824,0.6,0.8,0.8,0.9028571428571428,0.35903927795588975,0.5,0.375,0.625,0,fixed_0p50,4,S05,8
0.75,1.0,0.6,0.75,0.5294117647058824,0.6,0.8,0.8,0.9028571428571428,0.35903927795588975,0.48,0.375,0.625,0,fold_val_threshold,4,S05,8
0.75,1.0,0.6,0.75,0.5294117647058824,0.6,0.8,0.8,0.9028571428571428,0.35903927795588975,0.486,0.375,0.625,0,fold_threshold_shrink,4,S05,8
0.75,1.0,0.6,0.75,0.5294117647058824,0.6,0.8,0.8,0.9028571428571428,0.35903927795588975,0.48,0.375,0.625,0,fold_threshold_clipped,4,S05,8
0.625,0.75,0.6,0.6666666666666666,0.25,0.2581988897471611,0.6333333333333333,0.8,0.9028571428571428,0.35903927795588975,0.306992768868804,0.5,0.625,0,subject_median_unsup,4,S05,8
0.625,0.75,0.6,0.6666666666666666,0.25,0.2581988897471611,0.6333333333333333,0.8,0.9028571428571428,0.35903927795588975,0.306992768868804,0.5,0.625,0,subject_prior_quantile_unsup,4,S05,8
0.625,0.6,0.75,0.6666666666666666,0.25,0.2581988897471611,0.625,0.5625,0.6916666666666667,0.3992783576250076,0.5,0.625,0.5,0,fixed_0p50,5,S06,8
0.5,0.5,1.0,0.6666666666666666,0.0,0.0,0.5,0.5625,0.6916666666666667,0.3992783576250076,0.26,1.0,0.5,1,fold_val_threshold,5,S06,8
0.625,0.6,0.75,0.6666666666666666,0.25,0.2581988897471611,0.625,0.5625,0.6916666666666667,0.3992783576250076,0.332,0.625,0.5,0,fold_threshold_shrink,5,S06,8
0.625,0.6,0.75,0.6666666666666666,0.25,0.2581988897471611,0.625,0.5625,0.6916666666666667,0.3992783576250076,0.35,0.625,0.5,0,fold_threshold_clipped,5,S06,8
0.5,0.5,0.5,0.5,0.0,0.0,0.5,0.5625,0.6916666666666667,0.3992783576250076,0.5881007671356201,0.5,0.5,0,subject_median_unsup,5,S06,8
0.5,0.5,0.5,0.5,0.0,0.0,0.5,0.5625,0.6916666666666667,0.3992783576250076,0.5881007671356201,0.5,0.5,0,subject_prior_quantile_unsup,5,S06,8
0.5714285714285714,0.5,0.6666666666666666,0.5714285714285714,0.15999999999999992,0.16666666666666666,0.5833333333333333,0.6666666666666666,0.7,0.5831252841012818,0.5,0.5714285714285714,0.42857142857142855,0,fixed_0p50,6,S07,7
0.7142857142857143,0.6,1.0,0.75,0.46153846153846156,0.5477225575051661,0.75,0.6666666666666666,0.7,0.5831252841012818,0.23,0.7142857142857143,0.42857142857142855,0,fold_val_threshold,6,S07,7
0.7142857142857143,0.6,1.0,0.75,0.46153846153846156,0.5477225575051661,0.75,0.6666666666666666,0.7,0.5831252841012818,0.31100000000000005,0.7142857142857143,0.42857142857142855,0,fold_threshold_shrink,6,S07,7
0.7142857142857143,0.6,1.0,0.75,0.46153846153846156,0.5477225575051661,0.75,0.6666666666666666,0.7,0.5831252841012818,0.35,0.7142857142857143,0.42857142857142855,0,fold_threshold_clipped,6,S07,7
0.5714285714285714,0.5,0.6666666666666666,0.5714285714285714,0.15999999999999992,0.16666666666666666,0.5833333333333333,0.6666666666666666,0.7,0.5831252841012818,0.5679439544677735,0.5714285714285714,0.42857142857142855,0,subject_median_unsup,6,S07,7
0.5714285714285714,0.5,0.6666666666666666,0.5714285714285714,0.15999999999999992,0.16666666666666666,0.5833333333333333,0.6666666666666666,0.7,0.5831252841012818,0.5679439544677735,0.5714285714285714,0.42857142857142855,0,subject_prior_quantile_unsup,6,S07,7
0.625,0.5,0.8333333333333334,0.625,0.2941176470588235,0.3333333333333333,0.6666666666666667,0.8166666666666667,0.8144230769230769,0.46062387223355467,0.5,0.625,0.375,0,fixed_0p50,7,S08,16
0.625,0.5,0.8333333333333334,0.625,0.2941176470588235,0.3333333333333333,0.6666666666666667,0.8166666666666667,0.8144230769230769,0.46062387223355467,0.45,0.625,0.375,0,fold_val_threshold,7,S08,16
0.625,0.5,0.8333333333333334,0.625,0.2941176470588235,0.3333333333333333,0.6666666666666667,0.8166666666666667,0.8144230769230769,0.46062387223355467,0.465,0.625,0.375,0,fold_threshold_shrink,7,S08,16
0.625,0.5,0.8333333333333334,0.625,0.2941176470588235,0.3333333333333333,0.6666666666666667,0.8166666666666667,0.8144230769230769,0.46062387223355467,0.45,0.625,0.375,0,fold_threshold_clipped,7,S08,16
0.75,0.625,0.8333333333333334,0.7142857142857143,0.5,0.5163977794943222,0.7666666666666666,0.8166666666666667,0.8144230769230769,0.46062387223355467,0.7857947587966919,0.5,0.375,0,subject_median_unsup,7,S08,16
0.75,0.625,0.8333333333333334,0.7142857142857143,0.5,0.5163977794943222,0.7666666666666666,0.8166666666666667,0.8144230769230769,0.46062387223355467,0.7857947587966919,0.5,0.375,0,subject_prior_quantile_unsup,7,S08,16
0.7,1.0,0.625,0.7692307692307693,0.4,0.5,0.8125,1.0,1.0,0.34412162378430367,0.5,0.5,0.8,0,fixed_0p50,8,S09,10
0.9,1.0,0.875,0.9333333333333333,0.736842105263158,0.7637626158259734,0.9375,1.0,1.0,0.34412162378430367,0.42,0.7,0.8,0,fold_val_threshold,8,S09,10
0.8,1.0,0.75,0.8571428571428571,0.5454545454545454,0.6123724356957946,0.875,1.0,1.0,0.34412162378430367,0.444,0.6,0.8,0,fold_threshold_shrink,8,S09,10
0.9,1.0,0.875,0.9333333333333333,0.736842105263158,0.7637626158259734,0.9375,1.0,1.0,0.34412162378430367,0.42,0.7,0.8,0,fold_threshold_clipped,8,S09,10
0.7,1.0,0.625,0.7692307692307693,0.4,0.5,0.8125,1.0,1.0,0.34412162378430367,0.5407778784632683,0.5,0.8,0,subject_median_unsup,8,S09,10
0.7,1.0,0.625,0.7692307692307693,0.4,0.5,0.8125,1.0,1.0,0.34412162378430367,0.5407778784632683,0.5,0.8,0,subject_prior_quantile_unsup,8,S09,10
0.8333333333333334,0.75,0.75,0.75,0.625,0.625,0.8125,0.84375,0.8611111111111112,0.5002854893604913,0.5,0.3333333333333333,0.3333333333333333,0,fixed_0p50,9,S10,12
0.75,0.6,0.75,0.6666666666666666,0.47058823529411764,0.47809144373375745,0.75,0.84375,0.8611111111111112,0.5002854893604913,0.34,0.4166666666666667,0.3333333333333333,0,fold_val_threshold,9,S10,12
0.8333333333333334,0.75,0.75,0.75,0.625,0.625,0.8125,0.84375,0.8611111111111112,0.5002854893604913,0.388,0.3333333333333333,0.3333333333333333,0,fold_threshold_shrink,9,S10,12
0.75,0.6,0.75,0.6666666666666666,0.47058823529411764,0.47809144373375745,0.75,0.84375,0.8611111111111112,0.5002854893604913,0.35,0.4166666666666667,0.3333333333333333,0,fold_threshold_clipped,9,S10,12
0.6666666666666666,0.5,0.75,0.6,0.33333333333333337,0.3535533905932738,0.6875,0.84375,0.8611111111111112,0.5002854893604913,0.2826951161026955,0.5,0.3333333333333333,0,subject_median_unsup,9,S10,12
0.6666666666666666,0.5,0.75,0.6,0.33333333333333337,0.3535533905932738,0.6875,0.84375,0.8611111111111112,0.5002854893604913,0.2826951161026955,0.5,0.3333333333333333,0,subject_prior_quantile_unsup,9,S10,12
0.5714285714285714,1.0,0.4,0.5714285714285714,0.27586206896551735,0.4,0.7,0.8,0.9428571428571428,0.28286081318344386,0.5,0.2857142857142857,0.7142857142857143,0,fixed_0p50,10,S12,7
0.8571428571428571,1.0,0.8,0.8888888888888888,0.6956521739130435,0.7302967433402214,0.9,0.8,0.9428571428571428,0.28286081318344386,0.37,0.5714285714285714,0.7142857142857143,0,fold_val_threshold,10,S12,7
0.7142857142857143,1.0,0.6,0.75,0.46153846153846156,0.5477225575051661,0.8,0.8,0.9428571428571428,0.28286081318344386,0.40900000000000003,0.42857142857142855,0.7142857142857143,0,fold_threshold_shrink,10,S12,7
0.8571428571428571,1.0,0.8,0.8888888888888888,0.6956521739130435,0.7302967433402214,0.9,0.8,0.9428571428571428,0.28286081318344386,0.37,0.5714285714285714,0.7142857142857143,0,fold_threshold_clipped,10,S12,7
0.8571428571428571,1.0,0.8,0.8888888888888888,0.6956521739130435,0.7302967433402214,0.9,0.8,0.9428571428571428,0.28286081318344386,0.37514488995075224,0.5714285714285714,0.7142857142857143,0,subject_median_unsup,10,S12,7
0.8571428571428571,1.0,0.8,0.8888888888888888,0.6956521739130435,0.7302967433402214,0.9,0.8,0.9428571428571428,0.28286081318344386,0.37514488995075224,0.5714285714285714,0.7142857142857143,0,subject_prior_quantile_unsup,10,S12,7
0.6666666666666666,0.0,0.0,0.0,0.0,0.0,0.5,1.0,1.0,0.5461386173963546,0.5,0.0,0.3333333333333333,1,fixed_0p50,11,S13,6
0.6666666666666666,0.0,0.0,0.0,0.0,0.0,0.5,1.0,1.0,0.5461386173963546,0.31,0.0,0.3333333333333333,1,fold_val_threshold,11,S13,6
0.6666666666666666,0.0,0.0,0.0,0.0,0.0,0.5,1.0,1.0,0.5461386173963546,0.367,0.0,0.3333333333333333,1,fold_threshold_shrink,11,S13,6
0.6666666666666666,0.0,0.0,0.0,0.0,0.0,0.5,1.0,1.0,0.5461386173963546,0.35,0.0,0.3333333333333333,1,fold_threshold_clipped,11,S13,6
0.8333333333333334,0.6666666666666666,1.0,0.8,0.6666666666666667,0.7071067811865476,0.875,1.0,1.0,0.5461386173963546,0.12042219638824463,0.5,0.3333333333333333,0,subject_median_unsup,11,S13,6
0.8333333333333334,0.6666666666666666,1.0,0.8,0.6666666666666667,0.7071067811865476,0.875,1.0,1.0,0.5461386173963546,0.12042219638824463,0.5,0.3333333333333333,0,subject_prior_quantile_unsup,11,S13,6
0.875,1.0,0.8333333333333334,0.9090909090909091,0.7142857142857143,0.7453559924999299,0.9166666666666667,0.8333333333333334,0.9583333333333334,0.3332997720688582,0.5,0.625,0.75,0,fixed_0p50,12,S14,8
0.875,1.0,0.8333333333333334,0.9090909090909091,0.7142857142857143,0.7453559924999299,0.9166666666666667,0.8333333333333334,0.9583333333333334,0.3332997720688582,0.3,0.625,0.75,0,fold_val_threshold,12,S14,8
0.875,1.0,0.8333333333333334,0.9090909090909091,0.7142857142857143,0.7453559924999299,0.9166666666666667,0.8333333333333334,0.9583333333333334,0.3332997720688582,0.36,0.625,0.75,0,fold_threshold_shrink,12,S14,8
0.875,1.0,0.8333333333333334,0.9090909090909091,0.7142857142857143,0.7453559924999299,0.9166666666666667,0.8333333333333334,0.9583333333333334,0.3332997720688582,0.35,0.625,0.75,0,fold_threshold_clipped,12,S14,8
0.75,1.0,0.6666666666666666,0.8,0.5,0.5773502691896258,0.8333333333333333,0.8333333333333334,0.9583333333333334,0.3332997720688582,0.6282876983284951,0.5,0.75,0,subject_median_unsup,12,S14,8
0.75,1.0,0.6666666666666666,0.8,0.5,0.5773502691896258,0.8333333333333333,0.8333333333333334,0.9583333333333334,0.3332997720688582,0.6282876983284951,0.5,0.75,0,subject_prior_quantile_unsup,12,S14,8
0.5,0.0,0.0,0.0,-0.2857142857142856,-0.31622776601683794,0.3,0.4,0.25,0.619810119519631,0.5,0.3333333333333333,0.16666666666666666,0,fixed_0p50,19,S21,6
0.3333333333333333,0.0,0.0,0.0,-0.33333333333333326,-0.4472135954999579,0.2,0.4,0.25,0.619810119519631,0.34,0.5,0.16666666666666666,0,fold_val_threshold,19,S21,6
0.3333333333333333,0.0,0.0,0.0,-0.33333333333333326,-0.4472135954999579,0.2,0.4,0.25,0.619810119519631,0.388,0.5,0.16666666666666666,0,fold_threshold_shrink,19,S21,6
0.3333333333333333,0.0,0.0,0.0,-0.33333333333333326,-0.4472135954999579,0.2,0.4,0.25,0.619810119519631,0.35,0.5,0.16666666666666666,0,fold_threshold_clipped,19,S21,6
0.3333333333333333,0.0,0.0,0.0,-0.33333333333333326,-0.4472135954999579,0.2,0.4,0.25,0.619810119519631,0.4131839320063591,0.5,0.16666666666666666,0,subject_median_unsup,19,S21,6
0.3333333333333333,0.0,0.0,0.0,-0.33333333333333326,-0.4472135954999579,0.2,0.4,0.25,0.619810119519631,0.4131839320063591,0.5,0.16666666666666666,0,subject_prior_quantile_unsup,19,S21,6
0.5714285714285714,1.0,0.5,0.6666666666666666,0.2222222222222221,0.3535533905932738,0.75,0.8333333333333333,0.9735750360750363,0.2907089965684073,0.5,0.42857142857142855,0.8571428571428571,0,fixed_0p50,20,S22,14
0.7857142857142857,1.0,0.75,0.8571428571428571,0.46153846153846156,0.5477225575051662,0.875,0.8333333333333333,0.9735750360750363,0.2907089965684073,0.36,0.6428571428571429,0.8571428571428571,0,fold_val_threshold,20,S22,14
0.7857142857142857,1.0,0.75,0.8571428571428571,0.46153846153846156,0.5477225575051662,0.875,0.8333333333333333,0.9735750360750363,0.2907089965684073,0.402,0.6428571428571429,0.8571428571428571,0,fold_threshold_shrink,20,S22,14
0.7857142857142857,1.0,0.75,0.8571428571428571,0.46153846153846156,0.5477225575051662,0.875,0.8333333333333333,0.9735750360750363,0.2907089965684073,0.36,0.6428571428571429,0.8571428571428571,0,fold_threshold_clipped,20,S22,14
0.6428571428571429,1.0,0.5833333333333334,0.7368421052631579,0.2857142857142857,0.40824829046386296,0.7916666666666667,0.8333333333333333,0.9735750360750363,0.2907089965684073,0.46340507417917254,0.5,0.8571428571428571,0,subject_median_unsup,20,S22,14
0.6428571428571429,1.0,0.5833333333333334,0.7368421052631579,0.2857142857142857,0.40824829046386296,0.7916666666666667,0.8333333333333333,0.9735750360750363,0.2907089965684073,0.46340507417917254,0.5,0.8571428571428571,0,subject_prior_quantile_unsup,20,S22,14
0.9166666666666666,1.0,0.8571428571428571,0.9230769230769231,0.8333333333333334,0.8451542547285166,0.9285714285714286,1.0,0.9999999999999998,0.46684993098800387,0.5,0.5,0.5833333333333334,0,fixed_0p50,21,S23,12
0.9166666666666666,1.0,0.8571428571428571,0.9230769230769231,0.8333333333333334,0.8451542547285166,0.9285714285714286,1.0,0.9999999999999998,0.46684993098800387,0.64,0.5,0.5833333333333334,0,fold_val_threshold,21,S23,12
0.9166666666666666,1.0,0.8571428571428571,0.9230769230769231,0.8333333333333334,0.8451542547285166,0.9285714285714286,1.0,0.9999999999999998,0.46684993098800387,0.598,0.5,0.5833333333333334,0,fold_threshold_shrink,21,S23,12
0.9166666666666666,1.0,0.8571428571428571,0.9230769230769231,0.8333333333333334,0.8451542547285166,0.9285714285714286,1.0,0.9999999999999998,0.46684993098800387,0.64,0.5,0.5833333333333334,0,fold_threshold_clipped,21,S23,12
0.9166666666666666,1.0,0.8571428571428571,0.9230769230769231,0.8333333333333334,0.8451542547285166,0.9285714285714286,1.0,0.9999999999999998,0.46684993098800387,0.6511918336153031,0.5,0.5833333333333334,0,subject_median_unsup,21,S23,12
0.9166666666666666,1.0,0.8571428571428571,0.9230769230769231,0.8333333333333334,0.8451542547285166,0.9285714285714286,1.0,0.9999999999999998,0.46684993098800387,0.6511918336153031,0.5,0.5833333333333334,0,subject_prior_quantile_unsup,21,S23,12
1.0,1.0,1.0,1.0,1.0,1.0,1.0,1.0,1.0,0.5869757115554352,0.5,0.38461538461538464,0.38461538461538464,0,fixed_0p50,22,S24,13
0.8461538461538461,0.7142857142857143,1.0,0.8333333333333334,0.6976744186046511,0.7319250547113999,0.875,1.0,1.0,0.5869757115554352,0.3,0.5384615384615384,0.38461538461538464,0,fold_val_threshold,22,S24,13
1.0,1.0,1.0,1.0,1.0,1.0,1.0,1.0,1.0,0.5869757115554352,0.36,0.38461538461538464,0.38461538461538464,0,fold_threshold_shrink,22,S24,13
1.0,1.0,1.0,1.0,1.0,1.0,1.0,1.0,1.0,0.5869757115554352,0.35,0.38461538461538464,0.38461538461538464,0,fold_threshold_clipped,22,S24,13
0.8461538461538461,0.7142857142857143,1.0,0.8333333333333334,0.6976744186046511,0.7319250547113999,0.875,1.0,1.0,0.5869757115554352,0.30204362124204637,0.5384615384615384,0.38461538461538464,0,subject_median_unsup,22,S24,13
0.8461538461538461,0.7142857142857143,1.0,0.8333333333333334,0.6976744186046511,0.7319250547113999,0.875,1.0,1.0,0.5869757115554352,0.30204362124204637,0.5384615384615384,0.38461538461538464,0,subject_prior_quantile_unsup,22,S24,13
0.7142857142857143,0.6666666666666666,1.0,0.8,0.36363636363636376,0.47140452079103173,0.6666666666666666,0.875,0.9159722222222222,0.28584259088550296,0.5,0.8571428571428571,0.5714285714285714,0,fixed_0p50,23,S25,14
0.5714285714285714,0.5714285714285714,1.0,0.7272727272727273,0.0,0.0,0.5,0.875,0.9159722222222222,0.28584259088550296,0.24,1.0,0.5714285714285714,1,fold_val_threshold,23,S25,14
0.6428571428571429,0.6153846153846154,1.0,0.7619047619047619,0.18604651162790686,0.32025630761017426,0.5833333333333334,0.875,0.9159722222222222,0.28584259088550296,0.318,0.9285714285714286,0.5714285714285714,0,fold_threshold_shrink,23,S25,14
0.6428571428571429,0.6153846153846154,1.0,0.7619047619047619,0.18604651162790686,0.32025630761017426,0.5833333333333334,0.875,0.9159722222222222,0.28584259088550296,0.35,0.9285714285714286,0.5714285714285714,0,fold_threshold_clipped,23,S25,14
0.6428571428571429,0.7142857142857143,0.625,0.6666666666666666,0.2857142857142857,0.28867513459481287,0.6458333333333333,0.875,0.9159722222222222,0.28584259088550296,0.7693013966083526,0.5,0.5714285714285714,0,subject_median_unsup,23,S25,14
0.6428571428571429,0.7142857142857143,0.625,0.6666666666666666,0.2857142857142857,0.28867513459481287,0.6458333333333333,0.875,0.9159722222222222,0.28584259088550296,0.7693013966083526,0.5,0.5714285714285714,0,subject_prior_quantile_unsup,23,S25,14
1.0,1.0,1.0,1.0,1.0,1.0,1.0,1.0,1.0,0.3694996485752718,0.5,0.7142857142857143,0.7142857142857143,0,fixed_0p50,24,S26,7
1.0,1.0,1.0,1.0,1.0,1.0,1.0,1.0,1.0,0.3694996485752718,0.52,0.7142857142857143,0.7142857142857143,0,fold_val_threshold,24,S26,7
1.0,1.0,1.0,1.0,1.0,1.0,1.0,1.0,1.0,0.3694996485752718,0.514,0.7142857142857143,0.7142857142857143,0,fold_threshold_shrink,24,S26,7
1.0,1.0,1.0,1.0,1.0,1.0,1.0,1.0,1.0,0.3694996485752718,0.52,0.7142857142857143,0.7142857142857143,0,fold_threshold_clipped,24,S26,7
0.8571428571428571,1.0,0.8,0.8888888888888888,0.6956521739130435,0.7302967433402214,0.9,1.0,1.0,0.3694996485752718,0.8803675055503846,0.5714285714285714,0.7142857142857143,0,subject_median_unsup,24,S26,7
0.8571428571428571,1.0,0.8,0.8888888888888888,0.6956521739130435,0.7302967433402214,0.9,1.0,1.0,0.3694996485752718,0.8803675055503846,0.5714285714285714,0.7142857142857143,0,subject_prior_quantile_unsup,24,S26,7
